location	country
"Buenos Aires"	"Argentinia" 
"Tirana"	"Albania" 
"Melbourne"	"Australia" 
"North Sydney"	"Australia" 
"Sydney"	"Australia" 
"Brisbane"	"Australia" 
"Vienna"	"Austria" 
"Baku"	"Azerbaijan" 
"Brussels"	"Belgium" 
"Antwerp"	"Belgium" 
"Dhaka"	"Bangladesh" 
"Manaus, Amazonas"	"Brazil" 
"Rio de Janeiro"	"Brazil" 
"Belo Horizonte, Minas Gerais"	"Brazil" 
"São Paulo, São Paulo"	"Brazil" 
"Goiânia"	"Brazil" 
"Belém, Pará"	"Brazil" 
"Brasília, Federal District"	"Brazil" 
"Campina Grande, Paraíba"	"Brazil" 
"Campo Grande, Mato Grosso do Sul"	"Brazil" 
"Sofia"	"Bulgaria" 
"Kanata, ON"	"Canada" 
"Mississauga, ON"	"Canada"
"Burnaby, BC"	"Canada" 
"Montreal, QC"	"Canada" 
"Calgary, AB"	"Canada" 
"Ontario, CA"	"Canada" 
"Toronto, ON"	"Canada" 
"Ottawa, ON"	"Canada" 
"Surrey, BC"	"Canada" 
"Vancouver, BC"	"Canada" 
"Markham, ON"	"Canada" 
"Santiago"	"Chile" 
"Daxing, Beijing"	"China" 
"Shenzhen, Guangdong"	"China" 
"Guangzhou, Guangdong"	"China" 
"Shanghai, Shanghai"	"China" 
"Hangzhou, Zhejiang"	"China" 
"Beijing, Beijing"	"China" 
"Qingdao, Shandong"	"China" 
"Pudong, Shanghai"	"China" 
"South China, ME"	"China" 
"Nanjing, Jiangsu"	"China" 
"Chengdu, Sichuan"	"China" 
"Bogotá, Bogota"	"Colombia" 
"Copenhagen"	"Denmark" 
"Cairo"	"Egypt" 
"Addis Ababa"	"Ethopia" 
"Helsinki, Western Finland"	"Finland" 
"Salo, Western Finland"	"Finland" 
"Tampere"	"Finland" 
"Helsinki, Southern Finland"	"Finland" 
"Espoo"	"Finland" 
"Oulu"	"Finland" 
"Nokia"	"Finland" 
"Nozay, Ile-de-France"	"France" 
"Paris"	"France" 
"Lannion"	"France" 
"Boulogne-Billancourt"	"France" 
"Stuttgart"	"Germany" 
"Berlin"	"Germany" 
"Munich, Bavaria"	"Germany" 
"Ulm, Baden-Wurttemberg"	"Germany" 
"Frankfurt am Main"	"Germany" 
"Bochum, North Rhine-Westphalia"	"Germany" 
"Nuremberg"	"Germany" 
"Düsseldorf"	"Germany" 
"Athens"	"Greece" 
"Accra"	"Ghana" 
"Guatemala City"	"Guatemala" 
"Hong Kong"	"Hong Kong" 
"Budapest"	"Hungary" 
"Buda, Budapest"	"Hungary" 
"Cochin"	"India" 
"Bangalore Rural"	"India" 
"Pune"	"India" 
"Karnāl"	"India" 
"Indi, Karnataka"	"India" 
"Greater Noida"	"India" 
"Indore"	"India" 
"Guindy"	"India" 
"Jaipur, Rajasthan"	"India" 
"Dondaicha"	"India" 
"Safidon"	"India" 
"Pune City"	"India" 
"Sambalpur, Orissa"	"India" 
"Āsansol, West Bengal"	"India" 
"Mohāli, Maharashtra"	"India" 
"Aurangābād, Maharashtra"	"India" 
"Ahmedabad"	"India" 
"Murray Hill, Gurgaon, Haryana"	"India" 
"Gurgaon, Haryana"	"India" 
"New Delhi"	"India" 
"Lucknow"	"India" 
"Shillong"	"India" 
"Gwalior, Madhya Pradesh"	"India" 
"Kānchipuram"	"India" 
"Chennai"	"India" 
"Mumbai"	"India" 
"Noida"	"India" 
"Bangalore"	"India" 
"Jhānsi"	"India" 
"Hyderābād"	"India" 
"Calcutta"	"India" 
"Oragadam"	"India" 
"Belonia"	"India" 
"Bhopal"	"India" 
"Bhubaneshwar"	"India" 
"Bhāvnagar"	"India" 
"Jakarta"	"Indonesia" 
"Balikpapan"	"Indonesia" 
"Tehran, Tehran"	"Iran" 
"Bābol Sar"	"Iran" 
"Baghdad"	"Iraq" 
"Arbīl"	"Iraq" 
"Dublin, Dublin"	"Ireland" 
"Blanchardstown"	"Ireland" 
"Tel Aviv-Yafo"	"Israel" 
"Hod HaSharon"	"Israel" 
"Milan"	"Italy" 
"Milano"	"Italy" 
"Rome"	"Italy" 
"Belluno"	"Italy" 
"Abidjan"	"Ivory Coast" 
"Tokyo"	"Japan" 
"Ammān"	"Jordan" 
"Nairobi"	"Kenya" 
"Beirut"	"Lebanon" 
"Kuala Lumpur"	"Malaysia" 
"Rabat"	"Marocco" 
"Ciudad de México"	"Mexico" 
"Monterrey, Nuevo León"	"Mexico" 
"Cuautitlán Izcalli"	"Mexico" 
"Rangoon"	"Myanmar" 
"Amsterdam"	"Netherlands" 
"Auckland, Auckland"	"New Zealand" 
"Wellington, Wellington"	"New Zealand" 
"Abuja Nigeria"	"Nigeria" 
"Abuja, Federal Capital Territory"	"Nigeria" 
"Lagos"	"Nigeria" 
"Oslo"	"Norway" 
"Islamabad, Islamabad"	"Pakistan" 
"Karāchi"	"Pakistan" 
"Islamabad, Islamabad"	"Pakistan" 
"Quezon City, National Capital Region"	"Philippines" 
"Manila, Manila"	"Philippines" 
"Wrocław"	"Poland" 
"Kraków"	"Poland" 
"Warsaw"	"Poland" 
"Bydgoszcz"	"Poland" 
"Lisbon"	"Portugal" 
"Amadora"	"Portugal" 
"Porto, Oporto"	"Portugal" 
"Alfragide"	"Portugal" 
"Ílhavo"	"Portugal" 
"Aveiro"	"Portugal" 
"Timişoara"	"Romania" 
"Bucharest"	"Romania" 
"Cluj-Napoca"	"Romania" 
"Saint Petersburg"	"Russia" 
"Rostov-na-Donu"	"Russia" 
"Moscow"	"Russia" 
"Voronezh, Voronezhskaya Oblast"	"Russia" 
"Riyadh"	"Saudi Arabia" 
"Mecca"	"Saudi Arabia" 
"Belgrade"	"Serbia" 
"Singapore"	"Singapore" 
"Bedok New Town, East"	"Singapore" 
"Bukit Merah Estate, Central"	"Singapore" 
"Bratislava"	"Slovakia" 
"Johannesburg"	"South Africa" 
"Seoul"	"South Korea" 
"Córdoba"	"Spain" 
"Madrid"	"Spain" 
"Barcelona"	"Spain" 
"Kista"	"Sweden" 
"Stockholm, Stockholm"	"Sweden" 
"Geneva"	"Switzerland" 
"Bangkok"	"Thailand" 
"Ksar el Kradem"	"Tunisia" 
"Bārdaw"	"Tunisia" 
"Istanbul"	"Turkey" 
"Ankara"	"Turkey" 
"Dubai"	"UAE" 
"Kampala"	"Uganda" 
"Cambridge, England"	"United Kingdom" 
"Reading, England"	"United Kingdom" 
"Woolwich, England"	"United Kingdom" 
"London, England"	"United Kingdom" 
"Harefield, England"	"United Kingdom" 
"Bristol, England"	"United Kingdom" 
"Ipswich, England"	"United Kingdom" 
"Farnborough, Hampshire, South East England, England"	"United Kingdom" 
"Birmingham, England"	"United Kingdom" 
"Huntingdon and Peterborough, England"	"United Kingdom" 
"Huntingdon, England"	"United Kingdom" 
"Greenwich, England"	"United Kingdom" 
"Fleet, South East England, England"	"United Kingdom" 
"Farnborough, London, England"	"United Kingdom" 
"Solihull, England"	"United Kingdom" 
"Swindon, Gloucestershire, South West England, England"	"United Kingdom" 
"Kiev"	"Ukraine" 
"Bothell, WA"	"United States" 
"White Plains, NY"	"United States" 
"Fresno, CA"	"United States" 
"Buford, GA"	"United States" 
"Mount Prospect, IL"	"United States" 
"Burlington, VT"	"United States" 
"Gainesville, VA"	"United States" 
"Remote, OR"	"United States" 
"Brooksville, FL"	"United States" 
"Reno, NV"	"United States" 
"Edmond, OK"	"United States" 
"Baltimore, MD"	"United States" 
"Germany, GA"	"United States" 
"Fort Worth, TX"	"United States" 
"Encino, CA"	"United States" 
"Arlington Heights, Cook, IL"	"United States" 
"Saint Louis, MO"	"United States" 
"Athens, GA"	"United States" 
"Boulder, CO"	"United States" 
"Roswell, GA"	"United States" 
"Arlington, TX"	"United States" 
"Seattle, WA"	"United States" 
"Denver, CO"	"United States" 
"Cambridge, MA"	"United States" 
"Boston, MA"	"United States" 
"Dublin, OH"	"United States" 
"Holmdel, NJ"	"United States" 
"Itasca, IL"	"United States" 
"Malvern, PA"	"United States" 
"Schaumburg, IL"	"United States" 
"Cary, NC"	"United States" 
"Morocco, IN"	"United States" 
"Burnsville, MN"	"United States" 
"Detroit, MI"	"United States" 
"Cleveland, OH"	"United States" 
"Miami, FL"	"United States" 
"Philadelphia, PA"	"United States" 
"Oswego, IL"	"United States" 
"Coral Springs, FL"	"United States" 
"Simsbury, CT"	"United States" 
"Carlsbad, CA"	"United States" 
"Leesburg, VA"	"United States" 
"Alpharetta, GA"	"United States" 
"Switzerland, SC"	"United States" 
"Fargo, ND"	"United States" 
"Rancho Bernardo, CA"	"United States" 
"Richmond, VA"	"United States" 
"Iselin, NJ"	"United States" 
"San Mateo, CA"	"United States" 
"Santa Clara, CA"	"United States" 
"Munich, ND"	"United States" 
"Fairfax, VA"	"United States" 
"Jacksonville, FL"	"United States" 
"Frisco, TX"	"United States" 
"Keller, TX"	"United States" 
"Bedminster, NJ"	"United States" 
"Methuen, MA"	"United States" 
"El Cajon, CA"	"United States" 
"Coppell, TX"	"United States" 
"Hoffman Estates, IL"	"United States" 
"Dunstable, MA"	"United States" 
"Aiken, SC"	"United States" 
"Korea, KY"	"United States" 
"Deland, FL"	"United States" 
"Turkey, TX"	"United States" 
"North Andover, MA"	"United States" 
"Algonquin, IL"	"United States" 
"Palo Alto, CA"	"United States" 
"Kansas City, MO"	"United States" 
"Kansas City, KS"	"United States" 
"Pembroke Pines, FL"	"United States" 
"North Chicago, IL"	"United States" 
"Roselle, IL"	"United States" 
"Austin, TX"	"United States" 
"Murray Hill, NJ"	"United States" 
"Arlington Heights, IL"	"United States" 
"Calabasas, CA"	"United States" 
"Houston, TX"	"United States" 
"Richardson, TX"	"United States" 
"Hartford, CT"	"United States" 
"Redmond, WA"	"United States" 
"Saint Cloud, MN"	"United States" 
"Burlington, MA"	"United States" 
"Oklahoma City, OK"	"United States" 
"Charlotte, NC"	"United States" 
"Flower Mound, TX"	"United States" 
"San Jose, CA"	"United States" 
"New Providence, Union, NJ"	"United States" 
"Westmont, IL"	"United States" 
"Carrollton, TX"	"United States" 
"Tempe, AZ"	"United States" 
"Boca Raton, FL"	"United States" 
"San Antonio, TX"	"United States" 
"Greenville, NC"	"United States" 
"San Diego, TX"	"United States" 
"Birmingham, AL"	"United States" 
"Los Angeles, CA"	"United States" 
"Irving, TX"	"United States" 
"San Diego, CA"	"United States" 
"Tampa, FL"	"United States" 
"New Brunswick, NJ"	"United States" 
"San Francisco, CA"	"United States" 
"Sunnyvale, CA"	"United States" 
"Sandy Springs, Fulton, GA"	"United States" 
"Plano, TX"	"United States" 
"Atlanta, GA"	"United States" 
"Ann Arbor, MI"	"United States" 
"Westford, MA"	"United States" 
"Phoenix, AZ"	"United States" 
"Chicago, IL"	"United States" 
"Elizabeth, NJ"	"United States" 
"New Providence, NJ"	"United States" 
"Newark, NJ"	"United States" 
"Raleigh, NC"	"United States" 
"Columbus, OH"	"United States" 
"Dallas, TX"	"United States" 
"New York, NY"	"United States" 
"Bellevue, WA"	"United States" 
"Naperville, IL"	"United States" 
"Mountain View, CA"	"United States" 
"Hanoi"	"Vietnam" 
"Cupertino, CA"	"United States"
"Cork"	"United Kingdom"
"Manchester, England"	"United Kingdom"
"Orlando, FL"	"United States"
"Slough, Berkshire, South East England, England"	"United Kingdom"
"San Jose, San Jose"	"United States"
"Glasgow, Scotland"	"United Kingdom"
"Sacramento, CA"	"United States"
"Las Vegas, NV"	"United States"
"Portland, OR"	"United States"
"Cincinnati, OH"	"United States"
"Washington, DC"	"United States"
"Athlone"	"Ireland"
"Overland Park, KS"	"United States"
"Elk Grove, CA"	"United States"
"Edinburgh, Scotland"	"United Kingdom"
"Stockholm, Jämtland"	"Sweden"
"Salt Lake City, UT"	"United States"
"Pittsburgh, PA"	"United States"
"Swansea, Wales"	"United Kingdom"
"Coimbatore"	"India"
"Leeds, England"	"United Kingdom"
"Caracas, Capital District"	"Venezuela"
"Guildford, England"	"United Kingdom"
"Indianapolis, IN"	"United States"
"Cape Town"	"South Africa"
"Brampton, ON"	"Canada"
"Herndon, VA"	"United States"
"Luxembourg"	"Luxembourg"
"Nashville, TN"	"United States"
"Piscataway, NJ"	"United States"
"Prague"	"Czech Republic"
"Liverpool, England"	"United Kingdom"
"Minneapolis, MN"	"United States"
"Arlington, VA"	"United States"
"Belfast, Northern Ireland"	"United Kingdom"
"Irvine, CA"	"United States"
"San Bernardino, CA"	"United States"
"Aventura, FL"	"United States"
"Moreno Valley, CA"	"United States"
"Hebron, KY"	"United States"
"Memphis, TN"	"United States"
"Zagreb"	"Croatia"
"Honolulu, HI"	"United States"
"Paramus, NJ"	"United States"
"Rugeley, England"	"United Kingdom"
"Edison, NJ"	"United States"
"Warrington, North West England, England"	"United Kingdom"
"Newcastle upon Tyne, England"	"United Kingdom"
"Hemel Hempstead, England"	"United Kingdom"
"Sheffield, England"	"United Kingdom"
"Southampton, England"	"United Kingdom"
"Edmonton, AB"	"Canada"
"Brooklyn, NY"	"United States"
"Cardiff, Wales"	"United Kingdom"
"Coventry, England"	"United Kingdom"
"Kenosha, WI"	"United States"
"Santa Barbara, CA"	"United States"
"Costa Mesa, CA"	"United States"
"Santa Monica, CA"	"United States"
"Romulus, MI"	"United States"
"Bethesda, MD"	"United States"
"Tucson, AZ"	"United States"
"Lima, Lima Region"	"Peru"
"Nottingham, England"	"United Kingdom"
"Tracy, CA"	"United States"
"Dunfermline, Scotland"	"United Kingdom"
"Louisville, KY"	"United States"
"Leicester, England"	"KS"
"Clearwater, FL"	"United States"
"Robbinsville, NJ"	"United States"
"Durham, NC"	"United States"
"Staten Island, NY"	"United States"
"Fort Lauderdale, FL"	"United States"
"Mason, OH"	"United States"
"Brighton, England"	"United Kingdom"
"Gothenburg"	"Sweden"
"Kent, WA"	"United States"
"Colorado Springs, CO"	"United States"
"Novi, MI"	"United States"
"Troy, MI"	"United States"
"York, England"	"United Kingdom"
"Milton Keynes, England"	"United Kingdom"
"Dunstable, England"	"United Kingdom"
"Lexington-Fayette, KY"	"United States"
"Troutdale, OR"	"United States"
"San Marcos, TX", "United States"
"Newark, DE", "United States"
"Norwich, England", "United Kingdom"
"Joliet, IL", "United States"
"Madison, WI", "United States"
"Aurora, CO", "United States"
"Baton Rouge, LA", "United States"
"Doncaster, England", "United Kingdom"
"Pasadena, CA", "United States"
"Rancho Cucamonga, CA", "United States"
"Short Hills, NJ", "United States"
"Rialto, CA", "United States"
"Milwaukee, WI", "United States"
"Albany, NY", "United States"
"Duluth, GA", "United States"
"Greensboro, NC", "United States"
"Scottsdale, AZ", "United States"
"King of Prussia, PA", "United States"
"Chandler, AZ", "United States"
"Lahore", "Pakistan"
"Towson, MD", "United States"
"Chattanooga, TN", "United States"
"Tilbury, England", "United Kingdom"
"Peterborough, England", "United Kingdom"
"Reston, VA", "United States"
"Norfolk, VA", "United States"
"Newport Beach, CA", "United States"
"Sherman Oaks, CA", "United States"
"Lloydminster, AB"	"Canada"
"Balzac, AB"	"Canada"
"Saint Albert, AB"	"Canada"
"Red Deer, AB"	"Canada"
"Hinton, AB"	"Canada"
"Airdrie, AB"	"Canada"
"St. Albert, AB"	"Canada"
"Delta, BC"	"Canada"
"Richmond, BC"	"Canada"
"Victoria, BC"	"Canada"
"New Westminster, BC"	"Canada"
"Coquitlam, BC"	"Canada"
"Tsawwassen, BC"	"Canada"
"Prince George, BC"	"Canada"
"Kamloops, BC"	"Canada"
"Chilliwack, BC"	"Canada"
"Nanaimo, BC"	"Canada"
"Fernie, BC"	"Canada"
"Whistler, BC"	"Canada"
"Port Coquitlam, BC"	"Canada"
"North Vancouver, BC"	"Canada"
"Kelowna, BC"	"Canada"
"Cloverdale, BC"	"Canada"
"McBride, BC"	"Canada"
"Castlegar, BC"	"Canada"
"Maple Ridge, BC"	"Canada"
"Merritt, BC"	"Canada"
"Abbotsford, BC"	"Canada"
"Courtenay, BC"	"Canada"
"Engineer, BC"	"Canada"
"Winnipeg, MB"	"Canada"
"Scarborough, MB"	"Canada"
"Selkirk, MB"	"Canada"
"Moncton, NB"	"Canada"
"Bathurst, NB"	"Canada"
"Halifax, NS"	"Canada"
"Dartmouth, NS"	"Canada"
"London, ON"	"Canada"
"Burlington, ON"	"Canada"
"Hamilton, ON"	"Canada"
"Waterloo, ON"	"Canada"
"Bolton, ON"	"Canada"
"Vaughan, ON"	"Canada"
"Barrie, ON"	"Canada"
"Windsor, ON"	"Canada"
"Ajax, ON"	"Canada"
"Richmond Hill, ON"	"Canada"
"Scarborough, ON"	"Canada"
"Main Square, ON"	"Canada"
"Listowel, ON"	"Canada"
"Thorold, ON"	"Canada"
"Etobicoke, ON"	"Canada"
"Niagara Falls, ON"	"Canada"
"Milton, ON"	"Canada"
"Owen Sound, ON"	"Canada"
"Kitchener, ON"	"Canada"
"St. Catharines, ON"	"Canada"
"Mississauga Valley, ON"	"Canada"
"Scarborough Station, ON"	"Canada"
"Bloor West Village, ON"	"Canada"
"Keswick, ON"	"Canada"
"Scarborough Junction, ON"	"Canada"
"Whitby, ON"	"Canada"
"Caledon, ON"	"Canada"
"Midtown Toronto, ON"	"Canada"
"Greater Sudbury, ON"	"Canada"
"Newmarket, ON"	"Canada"
"North Toronto, ON"	"Canada"
"Maple, ON"	"Canada"
"Thornhill, ON"	"Canada"
"Lakeshore, ON"	"Canada"
"Bracebridge, ON"	"Canada"
"Waterdown, ON"	"Canada"
"Thunder Bay, ON"	"Canada"
"Ancaster, ON"	"Canada"
"Peterborough, ON"	"Canada"
"Guelph, ON"	"Canada"
"Scarborough Township, ON"	"Canada"
"Stoney Creek, ON"	"Canada"
"Kingston, ON"	"Canada"
"Lindsay, ON"	"Canada"
"Montrose, PE"	"Canada"
"Charlottetown, PE"	"Canada"
"Laval, QC"	"Canada"
"Quebec, QC"	"Canada"
"Brossard, QC"	"Canada"
"Pointe-Claire, QC"	"Canada"
"Vaudreuil-Dorion, QC"	"Canada"
"Cap-Chat, QC"	"Canada"
"Saint-Laurent, QC"	"Canada"
"Longueuil, QC"	"Canada"
"Rosemère, QC"	"Canada"
"Dollard-Des Ormeaux, QC"	"Canada"
"La Prairie, QC"	"Canada"
"Montréal-Ouest, QC"	"Canada"
"Regina, SK"	"Canada"
"Saskatoon, SK"	"Canada"
"Weyburn, SK"	"Canada"
"Moose Jaw, SK"	"Canada"
"Anchorage, AK"	"United States"
"Anchor Point, AK"	"United States"
"North Pole, AK"	"United States"
"Huntsville, AL"	"United States"
"Mobile, AL"	"United States"
"Theodore, AL"	"United States"
"Tuscaloosa, AL"	"United States"
"America, AL"	"United States"
"Madison, AL"	"United States"
"Ashford, AL"	"United States"
"Muscle Shoals, AL"	"United States"
"Spanish Fort, AL"	"United States"
"Fort Payne, AL"	"United States"
"Boaz, AL"	"United States"
"Florence, AL"	"United States"
"Little Rock, AR"	"United States"
"Fayetteville, AR"	"United States"
"North Little Rock, AR"	"United States"
"Rogers, AR"	"United States"
"Tunis, AR"	"United States"
"Fort Smith, AR"	"United States"
"Corning, AR"	"United States"
"Conway, AR"	"United States"
"Jonesboro, AR"	"United States"
"Scottsdale, AZ"	"United States"
"Chandler, AZ"	"United States"
"Goodyear, AZ"	"United States"
"Gilbert, AZ"	"United States"
"Glendale, AZ"	"United States"
"Mesa, AZ"	"United States"
"Peoria, AZ"	"United States"
"Kingman, AZ"	"United States"
"Surprise, AZ"	"United States"
"Arizona State University, AZ"	"United States"
"Avondale, AZ"	"United States"
"Santan, AZ"	"United States"
"El Mirage, AZ"	"United States"
"Pasadena, CA"	"United States"
"Rancho Cucamonga, CA"	"United States"
"Rialto, CA"	"United States"
"Sherman Oaks, CA"	"United States"
"Newport Beach, CA"	"United States"
"Brea, CA"	"United States"
"Riverside, CA"	"United States"
"Cerritos, CA"	"United States"
"Pleasanton, CA"	"United States"
"Manhattan Beach, CA"	"United States"
"Corte Madera, CA"	"United States"
"Newark, CA"	"United States"
"Roseville, CA"	"United States"
"Temecula, CA"	"United States"
"San Luis Obispo, CA"	"United States"
"Modesto, CA"	"United States"
"Walnut Creek, CA"	"United States"
"Thousand Oaks, CA"	"United States"
"Santa Rosa, CA"	"United States"
"Torrance, CA"	"United States"
"Northridge, CA"	"United States"
"Concord, CA"	"United States"
"Berkeley, CA"	"United States"
"Glendale, CA"	"United States"
"Valencia, CA"	"United States"
"Hayward, CA"	"United States"
"Stockton, CA"	"United States"
"Vacaville, CA"	"United States"
"Mission Viejo, CA"	"United States"
"Santa Clarita, CA"	"United States"
"Santa Cruz, CA"	"United States"
"Culver City, CA"	"United States"
"Oakland, CA"	"United States"
"Orange, CA"	"United States"
"South San Francisco, CA"	"United States"
"Palm Desert, CA"	"United States"
"West Sacramento, CA"	"United States"
"Buena Park, CA"	"United States"
"Richmond, CA"	"United States"
"Century City, CA"	"United States"
"Westminster, CA"	"United States"
"Burlingame, CA"	"United States"
"Fontana, CA"	"United States"
"Downey, CA"	"United States"
"Canoga Park, CA"	"United States"
"Chino, CA"	"United States"
"Santa Maria, CA"	"United States"
"Laguna Hills, CA"	"United States"
"Simi Valley, CA"	"United States"
"San Leandro, CA"	"United States"
"Arcadia, CA"	"United States"
"Redlands, CA"	"United States"
"Fremont, CA"	"United States"
"Santa Ana, CA"	"United States"
"Mira Loma, CA"	"United States"
"Hawthorne, CA"	"United States"
"Emeryville, CA"	"United States"
"Stanford, CA"	"United States"
"El Monte, CA"	"United States"
"Rosemead, CA"	"United States"
"Patterson, CA"	"United States"
"Escondido, CA"	"United States"
"Chula Vista, CA"	"United States"
"Monterey, CA"	"United States"
"Long Beach, CA"	"United States"
"Ventura, CA"	"United States"
"Anaheim, CA"	"United States"
"Walnut, CA"	"United States"
"Los Gatos, CA"	"United States"
"El Segundo, CA"	"United States"
"Burbank, CA"	"United States"
"Corona, CA"	"United States"
"Milpitas, CA"	"United States"
"Campbell, CA"	"United States"
"National City, CA"	"United States"
"Apple Valley, CA"	"United States"
"Topanga, CA"	"United States"
"Rohnert Park, CA"	"United States"
"Citrus Heights, CA"	"United States"
"Livermore, CA"	"United States"
"Union City, CA"	"United States"
"City of Industry, CA"	"United States"
"Capitola, CA"	"United States"
"Redwood City, CA"	"United States"
"North Sacramento, CA"	"United States"
"Encinitas, CA"	"United States"
"Perris, CA"	"United States"
"Commerce, CA"	"United States"
"Hollywood, CA"	"United States"
"Azusa, CA"	"United States"
"San Carlos, CA"	"United States"
"Redding, CA"	"United States"
"Bakersfield, CA"	"United States"
"Beverly Hills, CA"	"United States"
"Lakewood, CA"	"United States"
"Tustin, CA"	"United States"
"Montebello, CA"	"United States"
"Woodland Hills, CA"	"United States"
"Paramount, CA"	"United States"
"El Centro, CA"	"United States"
"Norco, CA"	"United States"
"Brisbane, CA"	"United States"
"Visalia, CA"	"United States"
"Yucaipa, CA"	"United States"
"Venice, CA"	"United States"
"La Jolla, CA"	"United States"
"Tulare, CA"	"United States"
"Palm Springs, CA"	"United States"
"Temple City, CA"	"United States"
"Covina, CA"	"United States"
"Cal-Ida, CA"	"United States"
"Upland, CA"	"United States"
"Calif City, CA"	"United States"
"La Puente, CA"	"United States"
"Goleta, CA"	"United States"
"Artesia, CA"	"United States"
"Palmdale, CA"	"United States"
"San Pedro, CA"	"United States"
"El Sobrante, CA"	"United States"
"Martinez, CA"	"United States"
"Daly City, CA"	"United States"
"East Palo Alto, CA"	"United States"
"Chico, CA"	"United States"
"Westfield, CA"	"United States"
"Foster City, CA"	"United States"
"Pacifica, CA"	"United States"
"Oxnard, CA"	"United States"
"Whittier, CA"	"United States"
"Willow Glen, CA"	"United States"
"Oceanside, CA"	"United States"
"Industry, CA"	"United States"
"Inglewood, CA"	"United States"
"San Pablo, CA"	"United States"
"Rancho Cordova, CA"	"United States"
"North Hollywood, CA"	"United States"
"Beaumont, CA"	"United States"
"Antioch, CA"	"United States"
"Moraga, CA"	"United States"
"Leimert Park, CA"	"United States"
"Fairfield, CA"	"United States"
"Chino Hills, CA"	"United States"
"Folsom, CA"	"United States"
"Danville, CA"	"United States"
"Los Altos, CA"	"United States"
"Stonestown, CA"	"United States"
"Baldwin Park, CA"	"United States"
"Carpinteria, CA"	"United States"
"Lincoln, CA"	"United States"
"Chatsworth, CA"	"United States"
"South Gate, CA"	"United States"
"Turlock, CA"	"United States"
"Fullerton, CA"	"United States"
"South San Jose Hills, CA"	"United States"
"Lawndale, CA"	"United States"
"Lake Forest, CA"	"United States"
"La Mesa, CA"	"United States"
"Rich, CA"	"United States"
"Clovis, CA"	"United States"
"Pacoima, CA"	"United States"
"Canyon Country, CA"	"United States"
"Orinda Village, CA"	"United States"
"Morgan Hill, CA"	"United States"
"Vernon, CA"	"United States"
"Bellflower, CA"	"United States"
"Menlo Park, CA"	"United States"
"San Rafael, CA"	"United States"
"Hermosa Beach, CA"	"United States"
"Redondo Beach, CA"	"United States"
"Jurupa Valley, CA"	"United States"
"Castro Valley, CA"	"United States"
"Eagle Rock, CA"	"United States"
"Central Valley, CA"	"United States"
"La Quinta, CA"	"United States"
"Alhambra, CA"	"United States"
"Los Banos, CA"	"United States"
"Reedley, CA"	"United States"
"West Hollywood, CA"	"United States"
"Fair Oaks, CA"	"United States"
"San Bruno, CA"	"United States"
"Huntington Beach, CA"	"United States"
"Murrieta, CA"	"United States"
"Pleasant Hill, CA"	"United States"
"Dublin, CA"	"United States"
"Victorville, CA"	"United States"
"Montclair, CA"	"United States"
"Newbury Park, CA"	"United States"
"Atherton, CA"	"United States"
"La Verne, CA"	"United States"
"Moreno, Riverside, CA"	"United States"
"Hillsdale, San Mateo, CA"	"United States"
"Aurora, CO"	"United States"
"Broomfield, CO"	"United States"
"Fort Collins, CO"	"United States"
"Littleton, CO"	"United States"
"Thornton, CO"	"United States"
"Loveland, CO"	"United States"
"Westminster, CO"	"United States"
"Lone Tree, CO"	"United States"
"Lakewood, CO"	"United States"
"Longmont, CO"	"United States"
"Stapleton, CO"	"United States"
"Los Cerritos, CO"	"United States"
"Englewood, CO"	"United States"
"Southpark, CO"	"United States"
"Louisville, CO"	"United States"
"Southglenn, CO"	"United States"
"Alamosa, CO"	"United States"
"Grand Lake, CO"	"United States"
"Brighton, CO"	"United States"
"Cheshire, CT"	"United States"
"New Haven, CT"	"United States"
"Danbury, CT"	"United States"
"Windsor, CT"	"United States"
"Stamford, CT"	"United States"
"North Haven, CT"	"United States"
"Farmington, CT"	"United States"
"Greenwich, CT"	"United States"
"Trumbull, CT"	"United States"
"Bristol, CT"	"United States"
"Meriden, CT"	"United States"
"Fairfield, CT"	"United States"
"Norwalk, CT"	"United States"
"Wallingford, CT"	"United States"
"Bridgeport, CT"	"United States"
"Hamden, CT"	"United States"
"Waterford, CT"	"United States"
"North Westchester, CT"	"United States"
"East Hartford, CT"	"United States"
"Bloomfield, CT"	"United States"
"Naugatuck, CT"	"United States"
"Manchester, CT"	"United States"
"New London, CT"	"United States"
"West Hartford, CT"	"United States"
"Orange, CT"	"United States"
"Shelton, CT"	"United States"
"Putnam, CT"	"United States"
"Newark, DE"	"United States"
"Middletown, DE"	"United States"
"Wilmington, DE"	"United States"
"New Castle, DE"	"United States"
"Christiana, DE"	"United States"
"Rehoboth Beach, DE"	"United States"
"Israel Haul, DE"	"United States"
"Concord, New Castle, DE"	"United States"
"Tyson's Corner, Fairf, x	"	"United States"
"Gainesville, FL"	"United States"
"Miami Beach, FL"	"United States"
"Tallahassee, FL"	"United States"
"Ruskin, FL"	"United States"
"Naples, FL"	"United States"
"Fort Myers, FL"	"United States"
"Hialeah, FL"	"United States"
"Brandon, FL"	"United States"
"West Palm Beach, FL"	"United States"
"Opa-locka, FL"	"United States"
"Sunrise, FL"	"United States"
"Saint Petersburg, FL"	"United States"
"Wellington, FL"	"United States"
"Ocala, FL"	"United States"
"Davenport, FL"	"United States"
"Sarasota, FL"	"United States"
"Merritt Island, FL"	"United States"
"Palm Beach Gardens, FL"	"United States"
"Plantation, FL"	"United States"
"Pensacola, FL"	"United States"
"Lakeland, FL"	"United States"
"Estero, FL"	"United States"
"Altamonte Springs, FL"	"United States"
"Bradenton, FL"	"United States"
"Saint Cloud, FL"	"United States"
"Port St Lucie, FL"	"United States"
"Doral, FL"	"United States"
"Palmetto, FL"	"United States"
"Wesley Chapel, FL"	"United States"
"Fort Pierce, FL"	"United States"
"Melbourne, FL"	"United States"
"Port Saint Joe, FL"	"United States"
"South Beach, FL"	"United States"
"Longwood, FL"	"United States"
"Oviedo, FL"	"United States"
"Lake Mary, FL"	"United States"
"South Florida, FL"	"United States"
"Pompano Beach, FL"	"United States"
"Coral Gables, FL"	"United States"
"Land O' Lakes, FL"	"United States"
"Satellite Beach, FL"	"United States"
"Stuart, FL"	"United States"
"Delray Beach, FL"	"United States"
"Titusville, FL"	"United States"
"Sanford, FL"	"United States"
"Key West, FL"	"United States"
"South Miami, FL"	"United States"
"Casselberry, FL"	"United States"
"Palm City, FL"	"United States"
"Cocoa, FL"	"United States"
"Ellenton, FL"	"United States"
"Vero Beach, FL"	"United States"
"Cape Canaveral, FL"	"United States"
"Jupiter, FL"	"United States"
"Punta Gorda, FL"	"United States"
"Port Charlotte, FL"	"United States"
"Mid Florida, FL"	"United States"
"Cape Coral, FL"	"United States"
"Daytona Beach, FL"	"United States"
"Palm Bay, FL"	"United States"
"Miami Gardens, FL"	"United States"
"Opa Locka, FL"	"United States"
"Lawtey, FL"	"United States"
"Winter Haven, FL"	"United States"
"Lake Buena Vista, FL"	"United States"
"Oakland Park, FL"	"United States"
"Hypoluxo, FL"	"United States"
"Palm Harbor, FL"	"United States"
"Plant City, FL"	"United States"
"Riverview, FL"	"United States"
"Cocoa Beach, FL"	"United States"
"Kissimmee, FL"	"United States"
"Auburndale, FL"	"United States"
"Palm Beach, FL"	"United States"
"Pierson, FL"	"United States"
"Panama City, FL"	"United States"
"Miramar, FL"	"United States"
"Weston, FL"	"United States"
"Miami Springs, FL"	"United States"
"Duluth, GA"	"United States"
"Johns Creek, GA"	"United States"
"Augusta, GA"	"United States"
"Kennesaw, GA"	"United States"
"Jefferson, GA"	"United States"
"Smyrna, GA"	"United States"
"Macon, GA"	"United States"
"Lawrenceville, GA"	"United States"
"Savannah, GA"	"United States"
"Braselton, GA"	"United States"
"Marietta, GA"	"United States"
"North Atlanta, GA"	"United States"
"Decatur, GA"	"United States"
"Hiram, GA"	"United States"
"Cartersville, GA"	"United States"
"Woodstock, GA"	"United States"
"Lithia Springs, GA"	"United States"
"Columbus, GA"	"United States"
"Rincon, GA"	"United States"
"Morrow, GA"	"United States"
"Dunwoody, GA"	"United States"
"Dallas, GA"	"United States"
"Berkeley Lake, GA"	"United States"
"Lithonia, GA"	"United States"
"East Atlanta, GA"	"United States"
"Stone Mountain, GA"	"United States"
"College Park, GA"	"United States"
"Cork, GA"	"United States"
"Brunswick, GA"	"United States"
"East Point, GA"	"United States"
"Dalton, GA"	"United States"
"Gainesville, GA"	"United States"
"Stockbridge, GA"	"United States"
"Snellville, GA"	"United States"
"Mableton, GA"	"United States"
"Midway, GA"	"United States"
"Dock Junction, GA"	"United States"
"Union City, GA"	"United States"
"Lenox Square Post Office, GA"	"United States"
"Richmond Hill, GA"	"United States"
"Spain, GA"	"United States"
"Riverdale, GA"	"United States"
"Lilburn, GA"	"United States"
"Douglasville, GA"	"United States"
"Tucker, GA"	"United States"
"Winder, GA"	"United States"
"North Point, GA"	"United States"
"Carl, GA"	"United States"
"Buckhead, GA"	"United States"
"Tyrone, GA"	"United States"
"Sylvester, GA"	"United States"
"Kahala, HI"	"United States"
"Waikïkï, HI"	"United States"
"Ewa Beach, HI"	"United States"
"Kapolei, HI"	"United States"
"Lihue, HI"	"United States"
"Hilo, HI"	"United States"
"Kahului, HI"	"United States"
"Des Moines, IA"	"United States"
"Muscatine, IA"	"United States"
"Waterloo, IA"	"United States"
"Cedar Rapids, IA"	"United States"
"Iowa City, IA"	"United States"
"Ericson, IA"	"United States"
"West Des Moines, IA"	"United States"
"Ames, IA"	"United States"
"Bettendorf, IA"	"United States"
"Boise, ID"	"United States"
"Twin Falls, ID"	"United States"
"Coeur d'Alene, ID"	"United States"
"Mountain Home, ID"	"United States"
"Lewiston, ID"	"United States"
"Idaho Falls, ID"	"United States"
"Post Falls, ID"	"United States"
"Meridian, ID"	"United States"
"Rexburg, ID"	"United States"
"France, ID"	"United States"
"Joliet, IL"	"United States"
"Monee, IL"	"United States"
"Orland Park, IL"	"United States"
"Skokie, IL"	"United States"
"Aurora, IL"	"United States"
"Northbrook, IL"	"United States"
"Oak Brook, IL"	"United States"
"Oakbrook Terrace, IL"	"United States"
"Edwardsville, IL"	"United States"
"Crest Hill, IL"	"United States"
"Deer Park, IL"	"United States"
"Rockford, IL"	"United States"
"Lisle, IL"	"United States"
"Springfield, IL"	"United States"
"Lincoln, IL, OH"	"United States"
"Bloomingdale, IL"	"United States"
"Matteson, IL"	"United States"
"Fairview Heights, IL"	"United States"
"Wood Dale, IL"	"United States"
"Crete, IL"	"United States"
"Mark, IL"	"United States"
"Vernon Hills, IL"	"United States"
"Oak Park, IL"	"United States"
"Lemont, IL"	"United States"
"Park Ridge, IL"	"United States"
"Havana, IL"	"United States"
"Deerfield, IL"	"United States"
"Oak Brook Mall Branch, IL"	"United States"
"Palatine, IL"	"United States"
"Oakbrook Ter, IL"	"United States"
"Hodgkins, IL"	"United States"
"Evanston, IL"	"United States"
"Minooka, IL"	"United States"
"Berwyn, IL"	"United States"
"Bloomington, IL"	"United States"
"Addison, IL"	"United States"
"Peoria, IL"	"United States"
"Fox Valley, IL"	"United States"
"Omaha, IL"	"United States"
"Riverside, IL"	"United States"
"Alton, IL"	"United States"
"Streator, IL"	"United States"
"Elmhurst, IL"	"United States"
"Romeoville, IL"	"United States"
"Lombard, IL"	"United States"
"Belvidere, IL"	"United States"
"Willowbrook, IL"	"United States"
"Plainfield, IL"	"United States"
"East Peoria, IL"	"United States"
"Champaign, IL"	"United States"
"Hinckley, IL"	"United States"
"Bolingbrook, IL"	"United States"
"Jeffersonville, IN"	"United States"
"Evansville, IN"	"United States"
"Whitestown, IN"	"United States"
"Bloomington, IN"	"United States"
"Fishers, IN"	"United States"
"Fort Wayne, IN"	"United States"
"Mishawaka, IN"	"United States"
"South Bend, IN"	"United States"
"Columbia City, IN"	"United States"
"Gary, IN"	"United States"
"North Manchester, IN"	"United States"
"Crown Point, IN"	"United States"
"Gas City, IN"	"United States"
"Lafayette, IN"	"United States"
"Goshen, IN"	"United States"
"Merrillville, IN"	"United States"
"Daleville, IN"	"United States"
"Speedway, IN"	"United States"
"Muncie, IN"	"United States"
"Clinton, IN"	"United States"
"Terre Haute, IN"	"United States"
"Noblesville, IN"	"United States"
"Macy, IN"	"United States"
"Greendale, IN"	"United States"
"Greenwood, IN"	"United States"
"Elkhart, IN"	"United States"
"Plainfield, IN"	"United States"
"Leawood, KS"	"United States"
"Shawnee, KS"	"United States"
"Lenexa, KS"	"United States"
"Edgerton, KS"	"United States"
"Wichita, KS"	"United States"
"Topeka, KS"	"United States"
"Derby, KS"	"United States"
"Garden City, KS"	"United States"
"Canada, KS"	"United States"
"Gardner, KS"	"United States"
"Haysville, KS"	"United States"
"Arkansas City, KS"	"United States"
"Basehor, KS"	"United States"
"Merriam, KS"	"United States"
"Fort Scott, KS"	"United States"
"Lawrence, KS"	"United States"
"Shepherdsville, KY"	"United States"
"Winchester, KY"	"United States"
"Lexington, KY"	"United States"
"Corbin, KY"	"United States"
"Campbellsville, KY"	"United States"
"Rural, KY"	"United States"
"Salyersville, KY"	"United States"
"Florence, KY"	"United States"
"Hollyhill, KY"	"United States"
"Ashland, KY"	"United States"
"Covington, KY"	"United States"
"Glasgow, KY"	"United States"
"Baton Rouge, LA"	"United States"
"Metairie, LA"	"United States"
"Lafayette, LA"	"United States"
"New Orleans, LA"	"United States"
"Vidalia, LA"	"United States"
"Gonzales, LA"	"United States"
"Monroe, LA"	"United States"
"Kenner, LA"	"United States"
"Shreveport, LA"	"United States"
"New Iberia, LA"	"United States"
"Port Allen, LA"	"United States"
"Moss Bluff, LA"	"United States"
"Natick, MA"	"United States"
"Springfield, MA"	"United States"
"Peabody, MA"	"United States"
"Braintree, MA"	"United States"
"Holyoke, MA"	"United States"
"Dedham, MA"	"United States"
"Hingham, MA"	"United States"
"Marlborough, MA"	"United States"
"Waltham, MA"	"United States"
"Fall River, MA"	"United States"
"Lowell, MA"	"United States"
"Milford, MA"	"United States"
"Brookline, MA"	"United States"
"Brockton, MA"	"United States"
"North Dartmouth, MA"	"United States"
"Newton, MA"	"United States"
"Salem, MA"	"United States"
"Hanover, MA"	"United States"
"Auburn, MA"	"United States"
"Dartmouth, MA"	"United States"
"Beverly, MA"	"United States"
"Worcester, MA"	"United States"
"North Reading, MA"	"United States"
"Duxbury, MA"	"United States"
"Downtown Crossing, MA"	"United States"
"Everett, MA"	"United States"
"Billerica, MA"	"United States"
"Townsend, MA"	"United States"
"Somerville, MA"	"United States"
"Saugus, MA"	"United States"
"Medford, MA"	"United States"
"Westfield, MA"	"United States"
"Mansfield, MA"	"United States"
"Sutton, MA"	"United States"
"Haverhill, MA"	"United States"
"Holliston, MA"	"United States"
"Bedford, MA"	"United States"
"Leominster, MA"	"United States"
"Melrose, MA"	"United States"
"Foxboro, MA"	"United States"
"Hyannis, MA"	"United States"
"North Attleboro, MA"	"United States"
"Attleboro, MA"	"United States"
"Newbury, MA"	"United States"
"Woburn, MA"	"United States"
"Sharon, MA"	"United States"
"Kingston, MA"	"United States"
"Avon, MA"	"United States"
"Harvard Sq, MA"	"United States"
"Millis, MA"	"United States"
"Arlington, MA"	"United States"
"Wellesley, MA"	"United States"
"Taunton, MA"	"United States"
"West Springfield, MA"	"United States"
"Framingham, MA"	"United States"
"Longmeadow, MA"	"United States"
"Towson, MD"	"United States"
"Columbia, MD"	"United States"
"Rockville, MD"	"United States"
"Annapolis, MD"	"United States"
"Sparrows Point, MD"	"United States"
"Silver Spring, MD"	"United States"
"Wheaton, MD"	"United States"
"Waldorf, MD"	"United States"
"Bel Air, MD"	"United States"
"Hanover, MD"	"United States"
"North East, MD"	"United States"
"Salisbury, MD"	"United States"
"Middle Earth, MD"	"United States"
"New Carrollton, MD"	"United States"
"Largo, MD"	"United States"
"Linthicum, MD"	"United States"
"Dundalk, MD"	"United States"
"Ellicott City, MD"	"United States"
"Potomac, MD"	"United States"
"Rossville, MD"	"United States"
"Centreville, MD"	"United States"
"California, MD"	"United States"
"Annapolis Rock, MD"	"United States"
"Pikesville, MD"	"United States"
"Elkridge, MD"	"United States"
"Germantown, MD"	"United States"
"White Plains, MD"	"United States"
"Joppa, MD"	"United States"
"China, ME"	"United States"
"Portland, ME"	"United States"
"South Portland, ME"	"United States"
"Sweden, ME"	"United States"
"Stockholm, ME"	"United States"
"Mexico, ME"	"United States"
"Augusta, ME"	"United States"
"Saco, ME"	"United States"
"Bangor, ME"	"United States"
"Scarborough, ME"	"United States"
"Orland, ME"	"United States"
"Calais, ME"	"United States"
"Grand Rapids, MI"	"United States"
"Lansing, MI"	"United States"
"Shelby Township, MI"	"United States"
"Sterling Heights, MI"	"United States"
"Livonia, MI"	"United States"
"Southfield, MI"	"United States"
"Clinton Township, MI"	"United States"
"Westland, MI"	"United States"
"Kalamazoo, MI"	"United States"
"Madison Heights, MI"	"United States"
"Rochester, MI"	"United States"
"Sac Bay, MI"	"United States"
"Flint, MI"	"United States"
"Hazel Park, MI"	"United States"
"Grand Blanc, MI"	"United States"
"Portage, MI"	"United States"
"Shelby, MI"	"United States"
"Traverse City, MI"	"United States"
"Wyoming, MI"	"United States"
"Lincoln Park, MI"	"United States"
"Saginaw, MI"	"United States"
"East Lansing, MI"	"United States"
"Brownstown Township, MI"	"United States"
"Detroit Beach, MI"	"United States"
"Lakeside, MI"	"United States"
"Au Sable River Park, MI"	"United States"
"Fenton, MI"	"United States"
"Rochester Hills, MI"	"United States"
"Warren, MI"	"United States"
"Flat Rock, MI"	"United States"
"Northview, MI"	"United States"
"Mount Pleasant, MI"	"United States"
"Indian River, MI"	"United States"
"Farmington Hills, MI"	"United States"
"Hell, MI"	"United States"
"Royal Oak, MI"	"United States"
"Paw Paw, MI"	"United States"
"Oak Park, MI"	"United States"
"Tunis, MI"	"United States"
"Harper Woods, MI"	"United States"
"Dearborn, MI"	"United States"
"Grandville, MI"	"United States"
"East China, MI"	"United States"
"Shakopee, MN"	"United States"
"Bloomington, MN"	"United States"
"Edina, MN"	"United States"
"Roseville, MN"	"United States"
"Brooklyn Park, MN"	"United States"
"Eagan, MN"	"United States"
"Minnetonka, MN"	"United States"
"Duluth, MN"	"United States"
"Rosemount, MN"	"United States"
"Austin, MN"	"United States"
"Maplewood, MN"	"United States"
"Eden Prairie, MN"	"United States"
"Mankato, MN"	"United States"
"Saint Paul, MN"	"United States"
"Rochester, MN"	"United States"
"Plymouth, MN"	"United States"
"Lakeville, MN"	"United States"
"Woodbury, MN"	"United States"
"Townshipin Cities, MN"	"United States"
"Des Peres, MO"	"United States"
"Saint Peters, MO"	"United States"
"Columbia, MO"	"United States"
"Hazelwood, MO"	"United States"
"Joplin, MO"	"United States"
"Springfield, MO"	"United States"
"Chesterfield, MO"	"United States"
"Lees Summit, MO"	"United States"
"Independence, MO"	"United States"
"Lon, MO"	"United States"
"China, MO"	"United States"
"Arnold, MO"	"United States"
"Budapest, MO"	"United States"
"Doniphan, MO"	"United States"
"Shanghai, MO"	"United States"
"Wheaton, MO"	"United States"
"Guam, MO"	"United States"
"Florissant, MO"	"United States"
"Lake St Louis, MO"	"United States"
"Crestwood, MO"	"United States"
"Carrollton, MO"	"United States"
"Grandview, MO"	"United States"
"Rolla, MO"	"United States"
"Cape Girardeau, MO"	"United States"
"Africa, MO"	"United States"
"Lawson, MO"	"United States"
"Eureka, MO"	"United States"
"Ridgeland, MS"	"United States"
"Hattiesburg, MS"	"United States"
"Jackson, MS"	"United States"
"Gulfport, MS"	"United States"
"Highpoint, MS"	"United States"
"Poplarville, MS"	"United States"
"Missoula, MT"	"United States"
"Bozeman, MT"	"United States"
"Billings, MT"	"United States"
"Amazon, MT"	"United States"
"Helena, MT"	"United States"
"Lakeside, MT"	"United States"
"Greensboro, NC"	"United States"
"Concord, NC"	"United States"
"Maiden, NC"	"United States"
"Winston-Salem, NC"	"United States"
"Fayetteville, NC"	"United States"
"Sea Breeze, NC"	"United States"
"Research Triangle Park, NC"	"United States"
"High Point, NC"	"United States"
"Garner, NC"	"United States"
"Chapel Hill, NC"	"United States"
"Asheville, NC"	"United States"
"Rockingham, NC"	"United States"
"Cape Colony, NC"	"United States"
"Jacksonville, NC"	"United States"
"Pineville, NC"	"United States"
"Rutherfrd Col, NC"	"United States"
"Hickory, NC"	"United States"
"Harrisburg, NC"	"United States"
"Mooresville, NC"	"United States"
"Colfax, NC"	"United States"
"Weddington, NC"	"United States"
"Wilmington, NC"	"United States"
"Cameron, NC"	"United States"
"Carrboro, NC"	"United States"
"Wilson, NC"	"United States"
"Wake Forest, NC"	"United States"
"Grand Forks, ND"	"United States"
"Bismarck, ND"	"United States"
"Omaha, NE"	"United States"
"Lincoln, NE"	"United States"
"Sacramento, NE"	"United States"
"Nashua, NH"	"United States"
"Salem, NH"	"United States"
"Manchester, NH"	"United States"
"Concord, NH"	"United States"
"Bedford, NH"	"United States"
"New Portsmouth, NH"	"United States"
"West Lebanon, NH"	"United States"
"Derry, NH"	"United States"
"Hanover, NH"	"United States"
"Stratham, NH"	"United States"
"Short Hills, NJ"	"United States"
"Freehold, NJ"	"United States"
"Wayne, NJ"	"United States"
"Cherry Hill, NJ"	"United States"
"Jersey City, NJ"	"United States"
"Carteret, NJ"	"United States"
"Swedesboro, NJ"	"United States"
"Logan Township, NJ"	"United States"
"Bridgewater, NJ"	"United States"
"Avenel, NJ"	"United States"
"Woodcliff Lake, NJ"	"United States"
"Rockaway, NJ"	"United States"
"Robinsville, NJ"	"United States"
"Marlton, NJ"	"United States"
"Lawrenceville, NJ"	"United States"
"East Brunswick, NJ"	"United States"
"Cranbury, NJ"	"United States"
"Trenton, NJ"	"United States"
"Secaucus, NJ"	"United States"
"Florence, NJ"	"United States"
"Teterboro, NJ"	"United States"
"Parsippany, NJ"	"United States"
"Menlo Park, NJ"	"United States"
"Deptford Township, NJ"	"United States"
"Atlantic City, NJ"	"United States"
"Paterson, NJ"	"United States"
"Pennsauken, NJ"	"United States"
"Eatontown, NJ"	"United States"
"Princeton, NJ"	"United States"
"Woodbridge, NJ"	"United States"
"Union, NJ"	"United States"
"Wharton, NJ"	"United States"
"Lawrence, NJ"	"United States"
"Moonachie, NJ"	"United States"
"Flemington, NJ"	"United States"
"Glen Ridge, NJ"	"United States"
"Jackson, NJ"	"United States"
"Elmwood Park, NJ"	"United States"
"Roselle, NJ"	"United States"
"Woodbury, NJ"	"United States"
"Cranbury Station, NJ"	"United States"
"Fort Lee, NJ"	"United States"
"Voorhees, NJ"	"United States"
"Ridgewood, NJ"	"United States"
"Maplewood, NJ"	"United States"
"Lindenwold, NJ"	"United States"
"Cresskill, NJ"	"United States"
"Ewing, NJ"	"United States"
"Fresh Ponds, NJ"	"United States"
"Clifton, NJ"	"United States"
"Northfield, NJ"	"United States"
"Fort Monmouth, NJ"	"United States"
"Bellmawr, NJ"	"United States"
"Metuchen, NJ"	"United States"
"South Brunswick Terrace, NJ"	"United States"
"Riverside, NJ"	"United States"
"Whippany, NJ"	"United States"
"Bayonne, NJ"	"United States"
"Passaic, NJ"	"United States"
"Boonton, NJ"	"United States"
"Middletown, NJ"	"United States"
"Rockaway Valley, NJ"	"United States"
"Linden, NJ"	"United States"
"Totowa, NJ"	"United States"
"Glendora, NJ"	"United States"
"Madison, NJ"	"United States"
"East Freehold, NJ"	"United States"
"Mount Holly, NJ"	"United States"
"Fairview, NJ"	"United States"
"Mount Laurel, NJ"	"United States"
"Moorestown, NJ"	"United States"
"Montclair, NJ"	"United States"
"Bloomfield, NJ"	"United States"
"Sayreville, NJ"	"United States"
"Livingston, NJ"	"United States"
"Somerset, NJ"	"United States"
"West Orange, NJ"	"United States"
"St. John's, NL"	"United States"
"Middle Arm, NL"	"United States"
"Albuquerque, NM"	"United States"
"Las Cruces, NM"	"United States"
"Madrid, NM"	"United States"
"McDonald, NM"	"United States"
"Bernalillo, NM"	"United States"
"North Las Vegas, NV"	"United States"
"Henderson, NV"	"United States"
"Sparks, NV"	"United States"
"Minden, NV"	"United States"
"Fallon, NV"	"United States"
"Carson City, NV"	"United States"
"Albany, NY"	"United States"
"Buffalo, NY"	"United States"
"Yonkers, NY"	"United States"
"Garden City, NY"	"United States"
"Manhasset, NY"	"United States"
"Syracuse, NY"	"United States"
"Lake Grove, NY"	"United States"
"Elmhurst, NY"	"United States"
"Victor, NY"	"United States"
"Bronx, NY"	"United States"
"Flushing, NY"	"United States"
"Rochester, NY"	"United States"
"Bethpage, NY"	"United States"
"Poughkeepsie, NY"	"United States"
"Cheektowaga, NY"	"United States"
"Valley Stream, NY"	"United States"
"Huntington, NY"	"United States"
"Massapequa, NY"	"United States"
"West Nyack, NY"	"United States"
"Amherst, NY"	"United States"
"Douglaston, NY"	"United States"
"Lancaster, NY"	"United States"
"Bay Shore, NY"	"United States"
"Middletown, NY"	"United States"
"Smithtown, NY"	"United States"
"Long Island City, NY"	"United States"
"Nanuet, NY"	"United States"
"Huntington Station, NY"	"United States"
"Colonie, NY"	"United States"
"Peekskill, NY"	"United States"
"Suffern, NY"	"United States"
"Mastic, NY"	"United States"
"Holtsville, NY"	"United States"
"North Babylon, NY"	"United States"
"Northeast, NY"	"United States"
"Long Beach, NY"	"United States"
"Chappaqua, NY"	"United States"
"East Elmhurst, NY"	"United States"
"Main Settlement, NY"	"United States"
"Chester, NY"	"United States"
"Ithaca, NY"	"United States"
"Uniondale, NY"	"United States"
"Tristates, NY"	"United States"
"Fairport, NY"	"United States"
"Saratoga Springs, NY"	"United States"
"Canandaigua, NY"	"United States"
"Jericho, NY"	"United States"
"Johnson City, NY"	"United States"
"China, NY"	"United States"
"Brentwood, NY"	"United States"
"Hampton Bays, NY"	"United States"
"Clifton Park, NY"	"United States"
"New Rochelle, NY"	"United States"
"Wantagh, NY"	"United States"
"Woodside, NY"	"United States"
"Bellerose, NY"	"United States"
"Commack, NY"	"United States"
"Brookhaven, NY"	"United States"
"Roosevelt, NY"	"United States"
"Nyack, NY"	"United States"
"Troy, NY"	"United States"
"Italy, NY"	"United States"
"Queens Village, NY"	"United States"
"Cicero, NY"	"United States"
"Binghamton, NY"	"United States"
"Hempstead, NY"	"United States"
"Rockland, NY"	"United States"
"Farmingdale, NY"	"United States"
"Utica, NY"	"United States"
"Sea Cliff, NY"	"United States"
"Stafford, NY"	"United States"
"Hartsdale, NY"	"United States"
"North Valley Stream, NY"	"United States"
"Great Neck, NY"	"United States"
"Nassau, NY"	"United States"
"Northport, NY"	"United States"
"Massapequa Park, NY"	"United States"
"Lenox, NY"	"United States"
"Garfield Heights, Cuyahoga, OH"	"United States"
"Cleveland Heights, Cuyahoga, OH"	"United States"
"Akron, OH"	"United States"
"Etna, OH"	"United States"
"Euclid, OH"	"United States"
"Westlake, OH"	"United States"
"Dayton, OH"	"United States"
"Obetz, OH"	"United States"
"North Randall, OH"	"United States"
"Toledo, OH"	"United States"
"Mentor, OH"	"United States"
"Woodmere, OH"	"United States"
"Monroe, OH"	"United States"
"Lyndhurst, OH"	"United States"
"Fairlawn, OH"	"United States"
"Pataskala, OH"	"United States"
"New Albany, OH"	"United States"
"Groveport, OH"	"United States"
"Wilmington, OH"	"United States"
"Lorain, OH"	"United States"
"Hilliard, OH"	"United States"
"Fairfield, OH"	"United States"
"Twinsburg, OH"	"United States"
"Elyria, OH"	"United States"
"Springdale, OH"	"United States"
"Ashtabula, OH"	"United States"
"Brunswick, OH"	"United States"
"Medina, OH"	"United States"
"Youngstown, OH"	"United States"
"Alliance, OH"	"United States"
"North Canton, OH"	"United States"
"Grove City, OH"	"United States"
"South Euclid, OH"	"United States"
"Canton, OH"	"United States"
"Zanesville, OH"	"United States"
"Upper Arlington, OH"	"United States"
"Maple Heights, OH"	"United States"
"Hartville, OH"	"United States"
"Beavercreek, OH"	"United States"
"North Olmsted, OH"	"United States"
"Saint Clairsvle, OH"	"United States"
"Lakewood, OH"	"United States"
"Stow, OH"	"United States"
"Norwood, OH"	"United States"
"Beachwood, OH"	"United States"
"Cincinnati Amf, OH"	"United States"
"Kettering, OH"	"United States"
"Columbiana, OH"	"United States"
"Centerville, OH"	"United States"
"Athens, OH"	"United States"
"West Chester, OH"	"United States"
"Orrville, OH"	"United States"
"Worthington, OH"	"United States"
"North Benton, OH"	"United States"
"Africa, OH"	"United States"
"Saint Clairsville, OH"	"United States"
"Sheffield Lake, OH"	"United States"
"Powell, OH"	"United States"
"Warren, OH"	"United States"
"Glandorf, OH"	"United States"
"Mansfield, OH"	"United States"
"Tulsa, OK"	"United States"
"Owasso, OK"	"United States"
"Shawnee, OK"	"United States"
"Nowhere, OK"	"United States"
"Broken Arrow, OK"	"United States"
"Ardmore, OK"	"United States"
"Paden, OK"	"United States"
"Bethany, OK"	"United States"
"Yukon, OK"	"United States"
"Mangum, OK"	"United States"
"Midwest City, OK"	"United States"
"Orlando, OK"	"United States"
"Tigard, OR"	"United States"
"Eugene, OR"	"United States"
"Salem, OR"	"United States"
"Clackamas, OR"	"United States"
"Boardman, OR"	"United States"
"Hillsboro, OR"	"United States"
"Woodburn, OR"	"United States"
"Beaverton, OR"	"United States"
"Tanasbourne, OR"	"United States"
"Umatilla, OR"	"United States"
"Gresham, OR"	"United States"
"Hermiston, OR"	"United States"
"Redmond, OR"	"United States"
"Coos Bay, OR"	"United States"
"Bend, OR"	"United States"
"Lake Oswego, OR"	"United States"
"New Princeton, OR"	"United States"
"Happy Valley, OR"	"United States"
"King of Prussia, PA"	"United States"
"Phila, PA"	"United States"
"Carlisle, PA"	"United States"
"Allentown, PA"	"United States"
"Harrisburg, PA"	"United States"
"Easton, PA"	"United States"
"Langhorne, PA"	"United States"
"Lancaster, PA"	"United States"
"Whitehall, PA"	"United States"
"Willow Grove, PA"	"United States"
"Springfield, PA"	"United States"
"Ardmore, PA"	"United States"
"Hazleton, PA"	"United States"
"Breinigsville, PA"	"United States"
"State College, PA"	"United States"
"Scranton, PA"	"United States"
"Hazle Township, PA"	"United States"
"Pitts, PA"	"United States"
"Erie, PA"	"United States"
"Wilkes-Barre, PA"	"United States"
"Latrobe, PA"	"United States"
"Gouldsboro, PA"	"United States"
"Corry, PA"	"United States"
"Sewickley, PA"	"United States"
"Camp Hill, PA"	"United States"
"Homestead, PA"	"United States"
"Tarentum, PA"	"United States"
"Lewisberry, PA"	"United States"
"North Wales, PA"	"United States"
"Yardley, PA"	"United States"
"Hazle Townshp, PA"	"United States"
"Bethlehem, PA"	"United States"
"Oxford Valley, PA"	"United States"
"Millersville, PA"	"United States"
"Bethel Park, PA"	"United States"
"Charleroi, PA"	"United States"
"New Philadelphia, PA"	"United States"
"Havertown, PA"	"United States"
"Monaca, PA"	"United States"
"West Chester, PA"	"United States"
"Drexel Hill, PA"	"United States"
"Harborcreek, PA"	"United States"
"St. Marys, PA"	"United States"
"Sharon, PA"	"United States"
"Cambridge Springs, PA"	"United States"
"Lower Gwynedd, PA"	"United States"
"Eastvale, PA"	"United States"
"Lehigh Valley, PA"	"United States"
"Harleysville, PA"	"United States"
"Exeter, PA"	"United States"
"Secane, PA"	"United States"
"West Norriton, PA"	"United States"
"Denver, PA"	"United States"
"Dickson City, PA"	"United States"
"Lewisburg, PA"	"United States"
"Westland, PA"	"United States"
"Swede Hill, PA"	"United States"
"Providence, RI"	"United States"
"Cumberland, RI"	"United States"
"Kingston, RI"	"United States"
"Warwick, RI"	"United States"
"Cranston, RI"	"United States"
"Greenville, SC"	"United States"
"Charleston, SC"	"United States"
"Columbia, SC"	"United States"
"Spartanburg, SC"	"United States"
"Myrtle Beach, SC"	"United States"
"West Columbia, SC"	"United States"
"Clemson, SC"	"United States"
"Fort Mill, SC"	"United States"
"Rock Hill, SC"	"United States"
"North Charleston, SC"	"United States"
"Little River, SC"	"United States"
"Folly Beach, SC"	"United States"
"Privateer, SC"	"United States"
"Barnwell, SC"	"United States"
"Williamston, SC"	"United States"
"Daniel Island, SC"	"United States"
"Denmark, SC"	"United States"
"Greer, SC"	"United States"
"Powdersville, SC"	"United States"
"Simpsonville, SC"	"United States"
"Mount Pleasant, SC"	"United States"
"North Augusta, SC"	"United States"
"North Spearfish, SD"	"United States"
"Sioux Falls, SD"	"United States"
"Aberdeen, SD"	"United States"
"Green Hills, Davidson, TN"	"United States"
"Chattanooga, TN"	"United States"
"Knoxville, TN"	"United States"
"Portland, TN"	"United States"
"Murfreesboro, TN"	"United States"
"Lebanon, TN"	"United States"
"Charleston, TN"	"United States"
"Collierville, TN"	"United States"
"Germantown, TN"	"United States"
"India, TN"	"United States"
"Franklin, TN"	"United States"
"Madison, TN"	"United States"
"Jackson, TN"	"United States"
"East Chattanooga, TN"	"United States"
"Smithwood, TN"	"United States"
"Crossville, TN"	"United States"
"Savannah, TN"	"United States"
"Dickson, TN"	"United States"
"Tullahoma, TN"	"United States"
"Brentwood, TN"	"United States"
"Cool Springs, TN"	"United States"
"Elizabethton, TN"	"United States"
"Waverly, TN"	"United States"
"Oak Hill, Travis, TX"	"United States"
"San Marcos, TX"	"United States"
"Haslet, TX"	"United States"
"Garland, TX"	"United States"
"Southlake, TX"	"United States"
"The Woodlands, TX"	"United States"
"Lubbock, TX"	"United States"
"McAllen, TX"	"United States"
"Sugar Land, TX"	"United States"
"Hurst, TX"	"United States"
"College Station, TX"	"United States"
"Schertz, TX"	"United States"
"Brookshire, TX"	"United States"
"Humble, TX"	"United States"
"Corpus Christi, TX"	"United States"
"Friendswood, TX"	"United States"
"McKinney, TX"	"United States"
"Killeen, TX"	"United States"
"El Paso, TX"	"United States"
"India, TX"	"United States"
"Addison, TX"	"United States"
"Mesquite, TX"	"United States"
"Spring, TX"	"United States"
"Baytown, TX"	"United States"
"Round Rock, TX"	"United States"
"Pharr, TX"	"United States"
"Temple, TX"	"United States"
"Grand Prairie, TX"	"United States"
"Pearland, TX"	"United States"
"Denton, TX"	"United States"
"Little New York, TX"	"United States"
"Allen, TX"	"United States"
"Little Elm, TX"	"United States"
"Fairview, TX"	"United States"
"Murphy, TX"	"United States"
"Grapevine, TX"	"United States"
"Texas City, TX"	"United States"
"Longview, TX"	"United States"
"Saginaw, TX"	"United States"
"Lewisville, TX"	"United States"
"Farmers Branch, TX"	"United States"
"Crystal Falls, TX"	"United States"
"Del Valle, TX"	"United States"
"Brenham, TX"	"United States"
"Laredo, TX"	"United States"
"Trophy Club, TX"	"United States"
"Leander, TX"	"United States"
"Montgomery, TX"	"United States"
"Cedar Park, TX"	"United States"
"Germany, TX"	"United States"
"Pflugerville, TX"	"United States"
"Atlanta, TX"	"United States"
"Bryan, TX"	"United States"
"Mission, TX"	"United States"
"China, TX"	"United States"
"Lancaster, TX"	"United States"
"Sharyland, TX"	"United States"
"DeSoto, TX"	"United States"
"Prosper, TX"	"United States"
"Balch Springs, TX"	"United States"
"South Houston, TX"	"United States"
"Rockwall, TX"	"United States"
"Hutto, TX"	"United States"
"North Richland Hills, TX"	"United States"
"Ireland, TX"	"United States"
"Luling, TX"	"United States"
"Galveston, TX"	"United States"
"Magnolia, TX"	"United States"
"Bedford, TX"	"United States"
"Vidor, TX"	"United States"
"San Angelo, TX"	"United States"
"Webster, TX"	"United States"
"Georgetown, TX"	"United States"
"League City, TX"	"United States"
"Royse City, TX"	"United States"
"Porter, TX"	"United States"
"Wilmer, TX"	"United States"
"Pasadena, TX"	"United States"
"Von Ormy, TX"	"United States"
"Deer Park, TX"	"United States"
"Terrell, TX"	"United States"
"Rhome, TX"	"United States"
"Corsicana, TX"	"United States"
"West Valley City, UT"	"United States"
"Murray, UT"	"United States"
"Layton, UT"	"United States"
"Orem, UT"	"United States"
"Sandy, UT"	"United States"
"Provo, UT"	"United States"
"Midvale, UT"	"United States"
"Santa Clara, UT"	"United States"
"Farmington, UT"	"United States"
"Bountiful, UT"	"United States"
"Taylorsville, UT"	"United States"
"Copperton, UT"	"United States"
"South Jordan, UT"	"United States"
"Highland, UT"	"United States"
"Halls Fifth Avenue Condominium, UT"	"United States"
"South Salt Lake, UT"	"United States"
"West Jordan, UT"	"United States"
"Norfolk, VA"	"United States"
"Reston, VA"	"United States"
"Springfield, VA"	"United States"
"McLean, VA"	"United States"
"Chester, VA"	"United States"
"Chesapeake, VA"	"United States"
"Virginia Beach, VA"	"United States"
"Ashburn, VA"	"United States"
"Sterling, VA"	"United States"
"Petersburg, VA"	"United States"
"Woodbridge, VA"	"United States"
"Dulles, VA"	"United States"
"Manassas, VA"	"United States"
"Ballston, VA"	"United States"
"Short Pump, VA"	"United States"
"Chantilly, VA"	"United States"
"North Chesterfield, VA"	"United States"
"Alexandria, VA"	"United States"
"Newport News, VA"	"United States"
"Hampton, VA"	"United States"
"Henrico, VA"	"United States"
"Tysons Corner, VA"	"United States"
"Clearbrook, VA"	"United States"
"Colonial Heights, VA"	"United States"
"Glen Allen, VA"	"United States"
"Dinwiddie, VA"	"United States"
"Quantico, VA"	"United States"
"Lorton, VA"	"United States"
"Fair Oaks, VA"	"United States"
"Danville, VA"	"United States"
"Lynchburg, VA"	"United States"
"Falls Church, VA"	"United States"
"Radford, VA"	"United States"
"Portsmouth, VA"	"United States"
"Clarendon, VA"	"United States"
"Clear Brook, VA"	"United States"
"Annandale, VA"	"United States"
"Troutville, VA"	"United States"
"Mc Lean, VA"	"United States"
"Hampden Sydney, VA"	"United States"
"Blacksburg, VA"	"United States"
"Ruther Glen, VA"	"United States"
"Jamaica, VT"	"United States"
"Tacoma, WA"	"United States"
"Lynnwood, WA"	"United States"
"Kennewick, WA"	"United States"
"Everett, WA"	"United States"
"Spokane, WA"	"United States"
"Tukwila, WA"	"United States"
"Bellingham, WA"	"United States"
"DuPont, WA"	"United States"
"Vancouver, WA"	"United States"
"Renton, WA"	"United States"
"Puyallup, WA"	"United States"
"Olympia, WA"	"United States"
"Sumner, WA"	"United States"
"West Seattle, WA"	"United States"
"Silverdale, WA"	"United States"
"Seattle Heights, WA"	"United States"
"Pasco, WA"	"United States"
"Pullman, WA"	"United States"
"Mill Creek, WA"	"United States"
"Sammamish, WA"	"United States"
"Colville, WA"	"United States"
"Mountlake Terrace, WA"	"United States"
"Swede Hill, WA"	"United States"
"Woodinville, WA"	"United States"
"Edmonds, WA"	"United States"
"Yakima, WA"	"United States"
"Arlington, WA"	"United States"
"Moses Lake, WA"	"United States"
"Richland, WA"	"United States"
"Kirkland, WA"	"United States"
"Bainbridge Island, WA"	"United States"
"South Seattle, WA"	"United States"
"East Wenatchee, WA"	"United States"
"Federal Way, WA"	"United States"
"Bremerton, WA"	"United States"
"Madison, WI"	"United States"
"Milwaukee, WI"	"United States"
"Wauwatosa, WI"	"United States"
"Sussex, WI"	"United States"
"Appleton, WI"	"United States"
"Saukville, WI"	"United States"
"Racine, WI"	"United States"
"Lancaster, WI"	"United States"
"Eau Claire, WI"	"United States"
"Lisbon, WI"	"United States"
"New Berlin, WI"	"United States"
"Menomonee Falls, WI"	"United States"
"Lake Geneva, WI"	"United States"
"Whitefish Bay, WI"	"United States"
"Glendale, WI"	"United States"
"Westfield, WI"	"United States"
"Greendale, WI"	"United States"
"Martinsburg, WV"	"United States"
"Huntington, WV"	"United States"
"Morgantown, WV"	"United States"
"Parkersburg, WV"	"United States"
"Newark, WV"	"United States"
"Wheeling, WV"	"United States"
"Gilbert, WV"	"United States"
"Barboursville, WV"	"United States"
"Casper, WY"	"United States"
"Reliance, WY"	"United States"
"Mundelein, IL"	"United States"
"Waukegan, IL"	"United States"
"West Dundee, IL"	"United States"
"Elgin, IL"	"United States"
"Carbondale, IL"	"United States"
"Carmel, IN"	"United States"
"Chestnut Hill, MA"	"United States"
"Oregon City, OR"	"United States"
"Norwich, England"	"United Kingdom"
"Doncaster, England"	"United Kingdom"
"Tilbury, England"	"United Kingdom"
"Peterborough, England"	"United Kingdom"
"Bolton, England"	"United Kingdom"
"Coalville, England"	"United Kingdom"
"Basingstoke, England"	"United Kingdom"
"Derby, England"	"United Kingdom"
"Colchester, England"	"United Kingdom"
"Exeter, England"	"United Kingdom"
"Luton, East of England, England"	"United Kingdom"
"Plymouth, England"	"United Kingdom"
"Stratford, London, England"	"United Kingdom"
"Portsmouth, South East England, England"	"United Kingdom"
"Wolverhampton, England"	"United Kingdom"
"Bradford, Yorkshire and the Humber, England"	"United Kingdom"
"Croydon, England"	"United Kingdom"
"Watford, East of England, England"	"United Kingdom"
"Southend-on-Sea, England"	"United Kingdom"
"Manchester City Centre, England"	"United Kingdom"
"Enfield, England"	"United Kingdom"
"Lincoln, England"	"United Kingdom"
"Stoke-on-Trent, England"	"United Kingdom"
"Chester, England"	"United Kingdom"
"Blackpool, England"	"United Kingdom"
"Swindon, Wiltshire, South West England, England"	"United Kingdom"
"Northampton, England"	"United Kingdom"
"Wigan, England"	"United Kingdom"
"Gateshead, England"	"United Kingdom"
"Darlington, North East England, England"	"United Kingdom"
"Bromley, England"	"United Kingdom"
"Maidstone, England"	"United Kingdom"
"Canterbury, England"	"United Kingdom"
"Covent Garden, England"	"United Kingdom"
"Basildon, East of England, England"	"United Kingdom"
"Tamworth, England"	"United Kingdom"
"Cannock, England"	"United Kingdom"
"Preston, North West England, England"	"United Kingdom"
"Oldham, England"	"United Kingdom"
"Bournemouth, England"	"United Kingdom"
"Hounslow, England"	"United Kingdom"
"Eastbourne, England"	"United Kingdom"
"Scunthorpe, England"	"United Kingdom"
"Rochester, South East England, England"	"United Kingdom"
"Hull, England"	"United Kingdom"
"Gloucester, England"	"United Kingdom"
"Salford, North West England, England"	"United Kingdom"
"Oxford, England"	"United Kingdom"
"Cheltenham, England"	"United Kingdom"
"Middlesbrough, England"	"United Kingdom"
"Durham, England"	"United Kingdom"
"Islington, England"	"United Kingdom"
"Daventry, England"	"United Kingdom"
"Holborn, England"	"United Kingdom"
"Chelmsford, England"	"United Kingdom"
"Loughborough, England"	"United Kingdom"
"Dartford, England"	"United Kingdom"
"Winchester, England"	"United Kingdom"
"Bedford, England"	"United Kingdom"
"West Bromwich, England"	"United Kingdom"
"Hayes, England"	"United Kingdom"
"Braintree, England"	"United Kingdom"
"Gainsborough, England"	"United Kingdom"
"Crawley, West Sussex, South East England, England"	"United Kingdom"
"Gravesend, England"	"United Kingdom"
"Poole, England"	"United Kingdom"
"Widnes, England"	"United Kingdom"
"Woking, England"	"United Kingdom"
"Bath, England"	"United Kingdom"
"Crayford, England"	"United Kingdom"
"Blackburn, England"	"United Kingdom"
"Grays, England"	"United Kingdom"
"Greenhithe, England"	"United Kingdom"
"Carlisle, England"	"United Kingdom"
"Slough, Buckinghamshire, South East England, England"	"United Kingdom"
"Grimsby, England"	"United Kingdom"
"Highbury, England"	"United Kingdom"
"City of London, England"	"United Kingdom"
"Wembley, England"	"United Kingdom"
"Hatfield, East of England, England"	"United Kingdom"
"Staines, England"	"United Kingdom"
"Kingston upon Thames, England"	"United Kingdom"
"Hartlepool, England"	"United Kingdom"
"Polegate, England"	"United Kingdom"
"Kegworth, England"	"United Kingdom"
"Torquay, England"	"United Kingdom"
"Dagenham, England"	"United Kingdom"
"Halifax, England"	"United Kingdom"
"Wakefield, England"	"United Kingdom"
"Telford, England"	"United Kingdom"
"West Thurrock, England"	"United Kingdom"
"Crewe, England"	"United Kingdom"
"Camden Town, England"	"United Kingdom"
"Thetford, England"	"United Kingdom"
"Ealing, England"	"United Kingdom"
"High Wycombe, England"	"United Kingdom"
"Barnsley, Yorkshire and the Humber, England"	"United Kingdom"
"Shrewsbury, England"	"United Kingdom"
"Huddersfield, England"	"United Kingdom"
"Shepherds Bush, England"	"United Kingdom"
"Newquay, England"	"United Kingdom"
"Burnley, England"	"United Kingdom"
"Saint Albans, England"	"United Kingdom"
"Gatwick, England"	"United Kingdom"
"Ridgmont, England"	"United Kingdom"
"Rugby, England"	"United Kingdom"
"Notting Hill, England"	"United Kingdom"
"Heathrow, England"	"United Kingdom"
"South Shields, England"	"United Kingdom"
"Dudley, England"	"United Kingdom"
"Strood, England"	"United Kingdom"
"Keighley, England"	"United Kingdom"
"Surbiton, England"	"United Kingdom"
"Newcastle, England"	"United Kingdom"
"Yeovil, England"	"United Kingdom"
"Harrogate, England"	"United Kingdom"
"Sunderland, North East England, England"	"United Kingdom"
"Walsall, England"	"United Kingdom"
"Stafford, England"	"United Kingdom"
"Tonbridge, England"	"United Kingdom"
"North Watford, England"	"United Kingdom"
"Harlow, England"	"United Kingdom"
"Hastings, England"	"United Kingdom"
"Kettering, England"	"United Kingdom"
"Kingston, East of England, England"	"United Kingdom"
"Gillingham, England"	"United Kingdom"
"Redditch, England"	"United Kingdom"
"Beccles, England"	"United Kingdom"
"Kingston upon Hull, England"	"United Kingdom"
"Worksop, England"	"United Kingdom"
"Castleford, England"	"United Kingdom"
"Stevenage, England"	"United Kingdom"
"Uxbridge, England"	"United Kingdom"
"London Colney, England"	"United Kingdom"
"Welwyn Garden City, England"	"United Kingdom"
"Wellingborough, England"	"United Kingdom"
"Barnet, England"	"United Kingdom"
"Deptford, London, England"	"United Kingdom"
"Banbury, England"	"United Kingdom"
"Truro, England"	"United Kingdom"
"Taunton, England"	"United Kingdom"
"Ashford, Kent, South East England, England"	"United Kingdom"
"Victoria, England"	"United Kingdom"
"Bury, North West England, England"	"United Kingdom"
"Oldbury, West Midlands, West Midlands, England"	"United Kingdom"
"Accrington, England"	"United Kingdom"
"Sheerness, England"	"United Kingdom"
"Brentford, England"	"United Kingdom"
"Barrow in Furness, England"	"United Kingdom"
"Exmouth, England"	"United Kingdom"
"Brampton, Cambridgeshire, East of England, England"	"United Kingdom"
"Chichester, England"	"United Kingdom"
"Ripley, East Midlands, England"	"United Kingdom"
"Luton, South West England, England"	"United Kingdom"
"Spalding, England"	"United Kingdom"
"Southport, England"	"United Kingdom"
"Hereford, England"	"United Kingdom"
"New Malden, England"	"United Kingdom"
"Bobbing, England"	"United Kingdom"
"Chatham, England"	"United Kingdom"
"Plumstead, London, England"	"United Kingdom"
"Orpington, England"	"United Kingdom"
"Rawtenstall, England"	"United Kingdom"
"Barking, London, England"	"United Kingdom"
"Yate, England"	"United Kingdom"
"Hammersmith, England"	"United Kingdom"
"Hampstead, England"	"United Kingdom"
"Folkestone, England"	"United Kingdom"
"Fareham, England"	"United Kingdom"
"Prescot, England"	"United Kingdom"
"Beaconsfield, England"	"United Kingdom"
"Runcorn, England"	"United Kingdom"
"Newport, South East England, England"	"United Kingdom"
"Wirral, England"	"United Kingdom"
"Stockport, England"	"United Kingdom"
"Hitchin, England"	"United Kingdom"
"Thornton Heath, England"	"United Kingdom"
"Droitwich, England"	"United Kingdom"
"Coseley, England"	"United Kingdom"
"Selby, England"	"United Kingdom"
"Worcester, England"	"United Kingdom"
"Seven Kings, England"	"United Kingdom"
"Ripon, England"	"United Kingdom"
"Uckfield, England"	"United Kingdom"
"Alfreton, England"	"United Kingdom"
"Mansfield, England"	"United Kingdom"
"Birstall, Yorkshire and the Humber, England"	"United Kingdom"
"Ashford, Surrey, South East England, England"	"United Kingdom"
"Walton-on-Thames, England"	"United Kingdom"
"Colne, North West England, England"	"United Kingdom"
"Bridgwater, England"	"United Kingdom"
"Bexleyheath, England"	"United Kingdom"
"Stratford-upon-Avon, England"	"United Kingdom"
"Woodham Ferrers, England"	"United Kingdom"
"Shoreditch, England"	"United Kingdom"
"Brighton Marina village, England"	"United Kingdom"
"Rotherham, England"	"United Kingdom"
"Hanworth, England"	"United Kingdom"
"Worthing, South East England, England"	"United Kingdom"
"Westhoughton, England"	"United Kingdom"
"East Grinstead, England"	"United Kingdom"
"Harrow, England"	"United Kingdom"
"Weston-super-Mare, England"	"United Kingdom"
"Saint Helens, West Midlands, England"	"United Kingdom"
"Sittingbourne, England"	"United Kingdom"
"Strensham, England"	"United Kingdom"
"Ellesmere Port, England"	"United Kingdom"
"Nuneaton, England"	"United Kingdom"
"Newbury, England"	"United Kingdom"
"Hillingdon, England"	"United Kingdom"
"Sutton, London, England"	"United Kingdom"
"Ramsgate, England"	"United Kingdom"
"Leeming Bar, England"	"United Kingdom"
"Darwen, England"	"United Kingdom"
"Richmond, London, England"	"United Kingdom"
"Welling, England"	"United Kingdom"
"Redhill, South East England, England"	"United Kingdom"
"Trowbridge, England"	"United Kingdom"
"Royal Leamington Spa, England"	"United Kingdom"
"Byfleet, England"	"United Kingdom"
"Bescot, England"	"United Kingdom"
"Borehamwood, England"	"United Kingdom"
"Whitefield, England"	"United Kingdom"
"Farringdon, England"	"United Kingdom"
"Bilston, England"	"United Kingdom"
"Bredbury, England"	"United Kingdom"
"Portsmouth, North West England, England"	"United Kingdom"
"Weston, North West England, England"	"United Kingdom"
"Alnwick, England"	"United Kingdom"
"Penzance, England"	"United Kingdom"
"Knightsbridge, England"	"United Kingdom"
"Billingham, England"	"United Kingdom"
"Evesham, England"	"United Kingdom"
"Wandsworth, England"	"United Kingdom"
"Berwick-Upon-Tweed, England"	"United Kingdom"
"Palmers Green, England"	"United Kingdom"
"Raunds, England"	"United Kingdom"
"Stanmore, England"	"United Kingdom"
"Tilbrook, England"	"United Kingdom"
"Northwich, England"	"United Kingdom"
"Merry Hill, England"	"United Kingdom"
"Bromsgrove, England"	"United Kingdom"
"Appleby Magna, England"	"United Kingdom"
"Waltham Cross, England"	"United Kingdom"
"Great Yarmouth, England"	"United Kingdom"
"Plymstock, England"	"United Kingdom"
"Margate, England"	"United Kingdom"
"Ilford, England"	"United Kingdom"
"Earls Court, England"	"United Kingdom"
"Camberley, England"	"United Kingdom"
"Huyton, England"	"United Kingdom"
"North Acton, England"	"United Kingdom"
"Garston, North West England, England"	"United Kingdom"
"Broughton, North West England, England"	"United Kingdom"
"Chorleywood, England"	"United Kingdom"
"Wednesbury, England"	"United Kingdom"
"Macclesfield, England"	"United Kingdom"
"Rainham, South East England, England"	"United Kingdom"
"Bicester, England"	"United Kingdom"
"Hayle, England"	"United Kingdom"
"St Ives, England"	"United Kingdom"
"Chiswick, England"	"United Kingdom"
"Andover, England"	"United Kingdom"
"Winsford, North West England, England"	"United Kingdom"
"Lichfield, England"	"United Kingdom"
"Tiverton, South West England, England"	"United Kingdom"
"Lancaster, England"	"United Kingdom"
"Eastleigh, England"	"United Kingdom"
"Stourbridge, England"	"United Kingdom"
"Herne Bay, England"	"United Kingdom"
"Thurmaston, England"	"United Kingdom"
"Whitfield, South East England, England"	"United Kingdom"
"Sutton in Ashfield, England"	"United Kingdom"
"Woodgreen, England"	"United Kingdom"
"Witham, England"	"United Kingdom"
"Notting Hill Gate, England"	"United Kingdom"
"Chippenham, South West England, England"	"United Kingdom"
"Chesterfield, England"	"United Kingdom"
"Kempston, England"	"United Kingdom"
"Wythenshawe, England"	"United Kingdom"
"Sutton Coldfield, England"	"United Kingdom"
"South Mimms, England"	"United Kingdom"
"Cleethorpes, England"	"United Kingdom"
"Acton, London, England"	"United Kingdom"
"Bognor Regis, England"	"United Kingdom"
"Canvey Island, England"	"United Kingdom"
"Grantham, England"	"United Kingdom"
"Great Sankey, England"	"United Kingdom"
"Corby, Northamptonshire, East Midlands, England"	"United Kingdom"
"Smethwick, England"	"United Kingdom"
"Orsett, England"	"United Kingdom"
"Bourne End, East of England, England"	"United Kingdom"
"Birkenhead, England"	"United Kingdom"
"Knaresborough, England"	"United Kingdom"
"No Man's Heath, England"	"United Kingdom"
"Edmonton, England"	"United Kingdom"
"Streatham Hill, England"	"United Kingdom"
"Henley on Thames, England"	"United Kingdom"
"Trafford Park, England"	"United Kingdom"
"Dorchester, South West England, England"	"United Kingdom"
"Cobham, Surrey, South East England, England"	"United Kingdom"
"Barnsley, South West England, England"	"United Kingdom"
"Kidderminster, England"	"United Kingdom"
"East Finchley, England"	"United Kingdom"
"Friern Barnet, England"	"United Kingdom"
"Swanley, England"	"United Kingdom"
"Pinner, England"	"United Kingdom"
"Wall, England"	"United Kingdom"
"Preston, West Midlands, England"	"United Kingdom"
"Hackney, England"	"United Kingdom"
"Radcliffe, England"	"United Kingdom"
"Hoo, England"	"United Kingdom"
"Hunslet, England"	"United Kingdom"
"Clapham, London, England"	"United Kingdom"
"Blyth, North East England, England"	"United Kingdom"
"Leigh, North West England, England"	"United Kingdom"
"Shirley, London, England"	"United Kingdom"
"Branksome, England"	"United Kingdom"
"Barrow, England"	"United Kingdom"
"Royston, East of England, England"	"United Kingdom"
"Warwick, West Midlands, England"	"United Kingdom"
"Romford, England"	"United Kingdom"
"Purley, England"	"United Kingdom"
"Gosforth, North East England, England"	"United Kingdom"
"Bermondsey, England"	"United Kingdom"
"Faringdon, England"	"United Kingdom"
"Barmston, England"	"United Kingdom"
"Sleaford, England"	"United Kingdom"
"Paddington, England"	"United Kingdom"
"Redhill, South West England, England"	"United Kingdom"
"Feltham, South West England, England"	"United Kingdom"
"Briston, England"	"United Kingdom"
"Kingstone, England"	"United Kingdom"
"Malvern, England"	"United Kingdom"
"Ormskirk, England"	"United Kingdom"
"Newcastle under Lyme, England"	"United Kingdom"
"Littlehampton, England"	"United Kingdom"
"Petersfield, England"	"United Kingdom"
"Laindon, England"	"United Kingdom"
"Southall, England"	"United Kingdom"
"Redcar, England"	"United Kingdom"
"West Drayton, London, England"	"United Kingdom"
"Barnwood, England"	"United Kingdom"
"Didcot, England"	"United Kingdom"
"Normanton, Yorkshire and the Humber, England"	"United Kingdom"
"South Wigston, England"	"United Kingdom"
"Melton Mowbray, England"	"United Kingdom"
"Ashington, North East England, England"	"United Kingdom"
"Wilnecote, England"	"United Kingdom"
"Epsom, England"	"United Kingdom"
"Witney, England"	"United Kingdom"
"Ashby de la Zouch, England"	"United Kingdom"
"Barton, Lancashire, Lancashire, North West England, England"	"United Kingdom"
"Farnham, South West England, England"	"United Kingdom"
"Long Sutton, East Midlands, England"	"United Kingdom"
"Broadheath, England"	"United Kingdom"
"Calcot, England"	"United Kingdom"
"Basildon, South East England, England"	"United Kingdom"
"Sale, England"	"United Kingdom"
"Swaffham, England"	"United Kingdom"
"Hullavington, England"	"United Kingdom"
"Warrington, South East England, England"	"United Kingdom"
"Lytham St Annes, England"	"United Kingdom"
"Broughton, West Midlands, England"	"United Kingdom"
"Salisbury, England"	"United Kingdom"
"Newhaven, England"	"United Kingdom"
"Clitheroe, England"	"United Kingdom"
"Windsor, South East England, England"	"United Kingdom"
"Wyboston, England"	"United Kingdom"
"Longwell Green, England"	"United Kingdom"
"Royal Tunbridge Wells, England"	"United Kingdom"
"Ryde, England"	"United Kingdom"
"Earlestown, England"	"United Kingdom"
"Weymouth, England"	"United Kingdom"
"Market Harborough, England"	"United Kingdom"
"Felixstowe, England"	"United Kingdom"
"Bramley, West Yorkshire, Yorkshire and the Humber, England"	"United Kingdom"
"East Tilbury, England"	"United Kingdom"
"Chandlers Ford, England"	"United Kingdom"
"Falmouth, England"	"United Kingdom"
"Mottram, England"	"United Kingdom"
"Brighouse, England"	"United Kingdom"
"Stroud, England"	"United Kingdom"
"Bourne, England"	"United Kingdom"
"Hinckley, England"	"United Kingdom"
"Rushall, West Midlands, England"	"United Kingdom"
"Alrewas, England"	"United Kingdom"
"Lowestoft, England"	"United Kingdom"
"Wisbech, England"	"United Kingdom"
"Thirsk, England"	"United Kingdom"
"Urmston, England"	"United Kingdom"
"Kentish Town, England"	"United Kingdom"
"Cullompton, England"	"United Kingdom"
"Altrincham, England"	"United Kingdom"
"Rivenhall End, England"	"United Kingdom"
"Warren Street, England"	"United Kingdom"
"Newton Abbot, England"	"United Kingdom"
"Wokingham, England"	"United Kingdom"
"Arundel, England"	"United Kingdom"
"Skelmersdale, England"	"United Kingdom"
"Thornaby-on-Tees, England"	"United Kingdom"
"Edgware, England"	"United Kingdom"
"Kidlington, England"	"United Kingdom"
"Westfield, South East England, England"	"United Kingdom"
"Weybridge, England"	"United Kingdom"
"Workington, England"	"United Kingdom"
"Wanstead, England"	"United Kingdom"
"Aylesbury, England"	"United Kingdom"
"Cuxton, England"	"United Kingdom"
"Hedge End, England"	"United Kingdom"
"City of Westminster, England"	"United Kingdom"
"Havant, England"	"United Kingdom"
"Kingston, West Midlands, England"	"United Kingdom"
"North Yorkshire, England"	"United Kingdom"
"Belper, England"	"United Kingdom"
"Aldershot, England"	"United Kingdom"
"Knowsley, England"	"United Kingdom"
"Chelmsley Wood, England"	"United Kingdom"
"Heckmondwike, England"	"United Kingdom"
"Golders Green, England"	"United Kingdom"
"Leyton, England"	"United Kingdom"
"Aylesford, England"	"United Kingdom"
"Saint Johns Wood, England"	"United Kingdom"
"Cheam, England"	"United Kingdom"
"Fulham, England"	"United Kingdom"
"Wolviston, England"	"United Kingdom"
"Clapham North, England"	"United Kingdom"
"Watford, East Midlands, England"	"United Kingdom"
"Stotfold, England"	"United Kingdom"
"Ashton-under-Lyne, England"	"United Kingdom"
"Chingford, England"	"United Kingdom"
"King's Lynn, England"	"United Kingdom"
"Balham, England"	"United Kingdom"
"Dover, England"	"United Kingdom"
"Amersham, England"	"United Kingdom"
"Dunstall, England"	"United Kingdom"
"Stockton-on-Tees, England"	"United Kingdom"
"Chorley, England"	"United Kingdom"
"Boston, England"	"United Kingdom"
"Haringey, England"	"United Kingdom"
"Whitgift, England"	"United Kingdom"
"Stock, England"	"United Kingdom"
"Towcester, England"	"United Kingdom"
"Patchway, England"	"United Kingdom"
"Brislington, England"	"United Kingdom"
"Erdington, England"	"United Kingdom"
"Stansted, England"	"United Kingdom"
"Sandbach, England"	"United Kingdom"
"Street, England"	"United Kingdom"
"Broadstairs, England"	"United Kingdom"
"Rayleigh, England"	"United Kingdom"
"Bletchley, England"	"United Kingdom"
"Kings Norton, England"	"United Kingdom"
"Castle Donington, England"	"United Kingdom"
"Osmaston, England"	"United Kingdom"
"Golborne, England"	"United Kingdom"
"Totton, England"	"United Kingdom"
"Derry, Northern Ireland"	"United Kingdom"
"Craigavon, Northern Ireland"	"United Kingdom"
"Newtownards, Northern Ireland"	"United Kingdom"
"Newry, Northern Ireland"	"United Kingdom"
"Enniskillen, Northern Ireland"	"United Kingdom"
"Portadown, Craigavon, Northern Ireland"	"United Kingdom"
"Bangor, Northern Ireland"	"United Kingdom"
"Crew, Northern Ireland"	"United Kingdom"
"Saintfield, Northern Ireland"	"United Kingdom"
"Cullybackey, Northern Ireland"	"United Kingdom"
"Antrim, Northern Ireland"	"United Kingdom"
"Dungannon, Northern Ireland"	"United Kingdom"
"Londonderry County Borough, Northern Ireland"	"United Kingdom"
"Newtownabbey, Northern Ireland"	"United Kingdom"
"Cookstown, Northern Ireland"	"United Kingdom"
"Omagh, Northern Ireland"	"United Kingdom"
"Aberdeen, Scotland"	"United Kingdom"
"Dundee, Scotland"	"United Kingdom"
"Livingston, Scotland"	"United Kingdom"
"Gourock, Scotland"	"United Kingdom"
"Bathgate, Scotland"	"United Kingdom"
"East Kilbride, Scotland"	"United Kingdom"
"Inverness, Scotland"	"United Kingdom"
"Glenrothes, Scotland"	"United Kingdom"
"Kilmarnock, Scotland"	"United Kingdom"
"Paisley, Scotland"	"United Kingdom"
"Stirling, Scotland"	"United Kingdom"
"Perth, Scotland"	"United Kingdom"
"Falkirk, Scotland"	"United Kingdom"
"Grangemouth, Scotland"	"United Kingdom"
"Clydebank, West Dunbartonshire, Scotland"	"United Kingdom"
"Hamilton, Scotland"	"United Kingdom"
"Coatbridge, Scotland"	"United Kingdom"
"Ayr, Scotland"	"United Kingdom"
"Kirkcaldy, Scotland"	"United Kingdom"
"Alloa, Scotland"	"United Kingdom"
"Alva, Scotland"	"United Kingdom"
"Wishaw, Scotland"	"United Kingdom"
"Renfrew, Scotland"	"United Kingdom"
"Forfar, Scotland"	"United Kingdom"
"New Deer, Scotland"	"United Kingdom"
"Port Glasgow, Scotland"	"United Kingdom"
"Middlebie, Scotland"	"United Kingdom"
"Dumfries, Scotland"	"United Kingdom"
"Airdrie, Scotland"	"United Kingdom"
"Balloch, Scotland"	"United Kingdom"
"Greenock, Scotland"	"United Kingdom"
"Bellshill, Scotland"	"United Kingdom"
"Carmunnock, Scotland"	"United Kingdom"
"Anniesland, Scotland"	"United Kingdom"
"Stevenston, Scotland"	"United Kingdom"
"Newbridge, Scotland"	"United Kingdom"
"Erskine, Scotland"	"United Kingdom"
"Newyork, Scotland"	"United Kingdom"
"Buckhaven, Scotland"	"United Kingdom"
"Motherwell, Scotland"	"United Kingdom"
"Bridgend, Wales"	"United Kingdom"
"Newport, Newport, Wales"	"United Kingdom"
"Pontypool, Wales"	"United Kingdom"
"Cwmbran, Wales"	"United Kingdom"
"Deeside, Wales"	"United Kingdom"
"Llandudno, Wales"	"United Kingdom"
"Merthyr Tydfil, Wales"	"United Kingdom"
"Aberystwyth, Wales"	"United Kingdom"
"Caerphilly, Wales"	"United Kingdom"
"Haverfordwest, Wales"	"United Kingdom"
"Newtown, Wales"	"United Kingdom"
"Magor, Wales"	"United Kingdom"
"Wrexham, Wales"	"United Kingdom"
"Pencoed, Wales"	"United Kingdom"
"Neath, Wales"	"United Kingdom"
"Bangor, Gwynedd, Wales"	"United Kingdom"
"Pembroke, Wales"	"United Kingdom"
"Trostre, Wales"	"United Kingdom"
"Barry, Wales"	"United Kingdom"
"Porth, Wales"	"United Kingdom"
"Skewen, Wales"	"United Kingdom"
"Llanharry, Wales"	"United Kingdom"
"Rhyl, Wales"	"United Kingdom"
"Flint, Wales"	"United Kingdom"
"Carmarthen, Wales"	"United Kingdom"
"Scurlage, Wales"	"United Kingdom"
"Milford Haven, Wales"	"United Kingdom"
"Broughton, Wales"	"United Kingdom"
"Loughor, Wales"	"United Kingdom"
"Merthyr, Wales"	"United Kingdom"
"Llanelli, Wales"	"United Kingdom"
"Port Talbot, Wales"	"United Kingdom"
"Lahore"	"Pakistan"
"Taipei"	"Taiwan"
"Lund, Skåne"	"Sweden"
"Perth, Western Australia"	"Australia"
"Iaşi"	"Romania"
"Tallinn"	"Estonia"
"Calle Blancos"	"Costa Rica"
"Manama"	"Bahrain"
"Curitiba"	"Brazil"
"Málaga"	"Spain"
"Almaty"	"Kazakhstan"
"Zürich"	"Switzerland"
"Riyāḑ"	"Saudi Arabia"
"Galway"	"Ireland"
"Karlskrona"	"Sweden"
"Adelaide"	"Australia"
"İzmir"	"Turkey"
"Muscat"	"Oman"
"San Francisco, Heredia"	"Costa Rica"
"Heredia"	"Costa Rica"
"Casablanca"	"Morocco"
"Aachen"	"Germany"
"Cologne"	"Germany"
"Dübendorf"	"Germany"
"East London"	"Germany"
"Frankfurt (Oder)"	"Germany"
"Glasow, Mecklenburg-Western Pomerania"	"Germany"
"Hamburg"	"Germany"
"Herzogenrath"	"Germany"
"Krefeld"	"Germany"
"Landau in der Pfalz"	"Germany"
"Neumarkt i. d. OPf."	"Germany"
"Regensburg"	"Germany"
"Hyderābād Lines"	"India"
"Hyderābād, Sind"	"India"
"Indi, Uttar Pradesh"	"India"